,sha1,project
0,000fd53e7967f3246964daef111822a332925c5c,hjkgrp_molsimplify
1,0045d14614d3efbe30ffd5ca9c7a0f0668c89b29,hjkgrp_molsimplify
2,004aea0cf45dc3e56f5b55dc9a4b024e4faca94b,hjkgrp_molsimplify
3,006ce4c85da05d7aaf6b71965d41e32b4e9f700e,hjkgrp_molsimplify
4,007114a8be43b6b8ab6991090a7681fe49dedb6a,hjkgrp_molsimplify
5,008fb0beca78a759eec81995fe8254cd40222d4d,hjkgrp_molsimplify
6,00a4cca5a50f0f90513fe421cf1e14ec71d29a6e,hjkgrp_molsimplify
7,00c46dbf7998f522dbb17630d8cbe6d1ce082e19,hjkgrp_molsimplify
8,00c858df4974820b2bdafa82a9418a2e97d4fd93,hjkgrp_molsimplify
9,00cf3f874ad99e97e3eee9ef61faaaa1e071cd6a,hjkgrp_molsimplify
10,00e4807a234136227c64ffebe4a275a317b9b587,hjkgrp_molsimplify
11,00e76d6c443783c3713f28d1fde991daf1fb7c61,hjkgrp_molsimplify
12,00f0c8759b483b552baf1ad54d917e717f7defe2,hjkgrp_molsimplify
13,00f34f1fe8726fceda89bd576432b5b124e7dd8c,hjkgrp_molsimplify
14,00f4b0874fe87910f654cb57d3a74fd811800b34,hjkgrp_molsimplify
15,01041a8b72b56f4549cf8e675c5324e33eb5e21d,hjkgrp_molsimplify
16,01081e9b5dd3e855d3da4406043ddf345b34bf9e,hjkgrp_molsimplify
17,0113d8d31f925e5cee83bdae61ebbd893bf0fafe,hjkgrp_molsimplify
18,0128c4a27c103aedc23817a4f133eff1d1538fd3,hjkgrp_molsimplify
19,01300006b980e1d08f68f2fa9725b2b8f17a6795,hjkgrp_molsimplify
20,013975bc73b78b3e5ece9fddf3cde84ee651d5a8,hjkgrp_molsimplify
21,01686aa7e53c3bc6f97c2beab2b0c2c1965aca82,hjkgrp_molsimplify
22,0170faf216e4b531b32eb891bf64adecc8dcab0a,hjkgrp_molsimplify
23,018760701efc16b15a37031eb3317a10bf9d959a,hjkgrp_molsimplify
24,01903e7757b820657952a20ce68e59ee56955e90,hjkgrp_molsimplify
25,019cbc771234c7ed95f266e1d65b9c197f6bab13,hjkgrp_molsimplify
26,01a30e351c4af16b765d38015185af86e7763bb9,hjkgrp_molsimplify
27,01a56bbadde317ebfdf496d2b415eb918e5b94de,hjkgrp_molsimplify
28,01a77e67e28fef0c61685400aeac49063aa75ac9,hjkgrp_molsimplify
29,01b23c795d3ffa27b916a2252e12168f2f80add4,hjkgrp_molsimplify
30,01c00948eac4f275c41e1e50b77d8d1a9e0e3ae1,hjkgrp_molsimplify
31,01c1c6f5fcf8be739fa6fbda839da7a51e8ee460,hjkgrp_molsimplify
32,01c20bb713840a726048f216a728588779930884,hjkgrp_molsimplify
33,01caf27ac9ebbc8b1ff0ff34c8da4d630cf5a9ec,hjkgrp_molsimplify
34,02215da872283525e1b1f06d6979f4f92f0f806b,hjkgrp_molsimplify
35,02235e814d1dd69184a35ebb831c3df152996a96,hjkgrp_molsimplify
36,022a2a48ec78545415cfcf709cc4346c40944894,hjkgrp_molsimplify
37,023ec4cf29a6603d8630328c9d3cd145bf1d7331,hjkgrp_molsimplify
38,0240e81e840abd65aad26b14c7107c7fb79a6ca6,hjkgrp_molsimplify
39,02491911506412b0df47fd9523603603547253c0,hjkgrp_molsimplify
40,024af673b102bdccc54a166a4c3fff1f4fd18b22,hjkgrp_molsimplify
41,025d5f740db6264ed4bf59d8bd5a686bb1d20fc3,hjkgrp_molsimplify
42,029a0daba2d785bb76d3cf86e449d417f810b6bc,hjkgrp_molsimplify
43,02ae2784b06e542b488c5383c233d6576bfa191d,hjkgrp_molsimplify
44,02c10d6282f7931ccaba122b181b713fba292371,hjkgrp_molsimplify
45,02c9a1168e65460b918baf98fb57d32fee7eb020,hjkgrp_molsimplify
46,02e7c1d2300aa76959a5d8026700f74852877015,hjkgrp_molsimplify
47,030e55b2562cd589f55852a8c3f6ff087377c48e,hjkgrp_molsimplify
48,033bc9cc9fe96f0ecf68db9067975c2eab9dc475,hjkgrp_molsimplify
49,0343888a6b9440374da41b65af06551bd80fa364,hjkgrp_molsimplify
50,036ad3bb7dddbbc1a1ed8768a53e99a00b54be9f,hjkgrp_molsimplify
51,037445c605278760f03c5e54864954c0a0e9c1ae,hjkgrp_molsimplify
52,03807e559c8d2768b566b790bfb74d839f71bc1e,hjkgrp_molsimplify
53,03a063078cb97f4227eb643cc72f2ce475ec015b,hjkgrp_molsimplify
54,03be46b682d10755964b419d392705413435a0b9,hjkgrp_molsimplify
55,03c37d1807809c6edf0b3b89b540bf5e47d8b377,hjkgrp_molsimplify
56,03e47450a276bc8f3b2d275c19b6f5ced54d8629,hjkgrp_molsimplify
57,03ef120061bb10545ed13e07e80d6e400ff51904,hjkgrp_molsimplify
58,042a8c1ae873d13a9a004fcbb11fcf7e4b716246,hjkgrp_molsimplify
59,042abd40177287fa9b120362e2b3f80e471581f4,hjkgrp_molsimplify
60,04364fe6c3118792c30376d7dae01503708d5f52,hjkgrp_molsimplify
61,0454d601a59103e433331df8f00ffdcddf4297ae,hjkgrp_molsimplify
62,0462d510d28bf54d8d97089e21e1582a8fbeb651,hjkgrp_molsimplify
63,046c4492de133f28b1850316e00e3a3141dd6270,hjkgrp_molsimplify
64,0474a7d838682726de204ba679cf1cdef425f448,hjkgrp_molsimplify
65,04754295abb14948552d4a3793ef05601fe9cc5c,hjkgrp_molsimplify
66,04ad9292d32237c2e361fa17145ee87aa8d28f2f,hjkgrp_molsimplify
67,04bbbefecb4f4c2e02b6bcd7279aaa89cd25cc76,hjkgrp_molsimplify
68,04bfc01bbdcc9e98c161ffd7cdd12244e87dbcd8,hjkgrp_molsimplify
69,04c3fb496b53a4ff65035c952e1e10c73050a531,hjkgrp_molsimplify
70,04cb4f89d2bf11e04397ed8a8d5daefb26ae9389,hjkgrp_molsimplify
71,04d0be8e5c7ecb917dd93d1f2565914ca26a019a,hjkgrp_molsimplify
72,04db56dde529432f4d45bd7ec4d02fa631bfd0c3,hjkgrp_molsimplify
73,04dee6c97bce65f1ca6026a6181bfbf49aa86294,hjkgrp_molsimplify
74,04ededd246538c10ddba99b7cf86ca5aacc95fe8,hjkgrp_molsimplify
75,04eea2f0fd18ee4e74f648416c90766742af1578,hjkgrp_molsimplify
76,04efa4d52a7357e8f0bb77a3b3bc7f86d93b32d2,hjkgrp_molsimplify
77,04f1da37a87e8282e1fe0e2804c82bda6a591dc6,hjkgrp_molsimplify
78,0504abd8e27a4d4cbc1292921346d83702cd2813,hjkgrp_molsimplify
79,0510368f40a8dbca61e80c570dd1c7cf7c3114d6,hjkgrp_molsimplify
80,051c6ea0c1638f8e5f6fbb2a00502e84ed1caf30,hjkgrp_molsimplify
81,05263ee6a816d8e29a16b9ba1b78c9570a595227,hjkgrp_molsimplify
82,053b1e8630cc2b345f3abe0ac6624f8170602a5a,hjkgrp_molsimplify
83,0540b416c378585db10cf1bf141b5c20226153e3,hjkgrp_molsimplify
84,056142552ded1cbf0b79b08eb5dd877d5d0ae806,hjkgrp_molsimplify
85,058160d67a02a38308904be1a807ecfded569011,hjkgrp_molsimplify
86,0589bb16591816b45cc2b8bec5ef3224415d20f8,hjkgrp_molsimplify
87,058be467bc5ed30dc3ea61e933b0e616db90ca3b,hjkgrp_molsimplify
88,0593ad1f6052ab57c73a17c2408903fc28c729a9,hjkgrp_molsimplify
89,059e33c2085e358c36dd32ea72451a792671a184,hjkgrp_molsimplify
90,05ac4546e2f07b3d8a230e2875bae1a5fee9dc81,hjkgrp_molsimplify
91,05b88522a86a5cbbb52df95bcf7742737bbfa28e,hjkgrp_molsimplify
92,05c9d2aba0e89b536bf64cec9fb00059fd358904,hjkgrp_molsimplify
93,05d083b119636cc98514db0fb2ef26170250ff07,hjkgrp_molsimplify
94,05f461341df65b5cdb95144feece148c952cd61a,hjkgrp_molsimplify
95,05fa1a5dc3c2cfe57b866f0011e69cd7af17117b,hjkgrp_molsimplify
96,05fc2aa92090640be94cb3985200385850e8ddbc,hjkgrp_molsimplify
97,06040bfba1134b42a8011560dbef428daf8c7b7f,hjkgrp_molsimplify
98,0615f792ead37b3944bbc349dff337e765dfcfed,hjkgrp_molsimplify
99,0616321fb5dd78d2aa6adf8fdeb8ce7451fb4474,hjkgrp_molsimplify
100,062201112bf2293ca276a673df281b244caa53a7,hjkgrp_molsimplify
101,06549c1dbdb0883ee4a17217612aef76223e91dd,hjkgrp_molsimplify
102,0660c4216178d2b103fd0505fe75b54a869a1772,hjkgrp_molsimplify
103,067252edd231559fd563b6aa35c9a2c005b75928,hjkgrp_molsimplify
104,0672a5c71f94e87ca13f1568848fc07c7840693d,hjkgrp_molsimplify
105,06a51ef81c1d69e589b06ab89b730de91a298696,hjkgrp_molsimplify
106,06a86d49d6d8276f7a7fd4dc35748f668a42fa11,hjkgrp_molsimplify
107,06c294dcfbf20f39ce27983e925b79a764125c00,hjkgrp_molsimplify
108,06c3c5eb9f6d83f4fb45342b662164f4742530e8,hjkgrp_molsimplify
109,06d4dc9c931a01b14d2ddbdb195437955a8ee813,hjkgrp_molsimplify
110,06d73f89f4d8b8f33c874a05570d3c04f81afdb0,hjkgrp_molsimplify
111,06f8b984a2b7bd074c9d0c30e9329be413e06c52,hjkgrp_molsimplify
112,070cd55ab32622e55a5c1c6f0783ef6bbf10fd1b,hjkgrp_molsimplify
113,0739b6e85f3275297b17220b6f05730e6579557d,hjkgrp_molsimplify
114,074e8b141d73e64d2e506e3b0d577a150054dd04,hjkgrp_molsimplify
115,0752a0c0ab8c8a90cecb0fc6192780e40de0cd20,hjkgrp_molsimplify
116,075630ed0fe54800cdc04afe0734a7a6d65de665,hjkgrp_molsimplify
117,075895e1b7a1040e8f2318db00eddfa912e4068d,hjkgrp_molsimplify
118,076551e371349a64aa5a1cf6606c77b6c6480b07,hjkgrp_molsimplify
119,077150a74b1a8286368621b84b870cef15464bd6,hjkgrp_molsimplify
120,077962440f0315188256ec8e7edd63c764208a6a,hjkgrp_molsimplify
121,077ab734a15558c6cfa3bc9d69eda4e0ccdf0f33,hjkgrp_molsimplify
122,078da3c2c5623628881a7734d622a71400208ff5,hjkgrp_molsimplify
123,0794c1ed4f732536a70e81ca5d266fb5b9393dcb,hjkgrp_molsimplify
124,0797a56b5b685bb485c26fb6675abcf0d0736036,hjkgrp_molsimplify
125,07a15297ceda555ba16e0fb9a0971ab343051709,hjkgrp_molsimplify
126,07b546e88940f4a17a139144b6bbf1e003e9d4c6,hjkgrp_molsimplify
127,07bd79444aabf1fcf5a171f6f5501ff5cbf9237a,hjkgrp_molsimplify
128,07c39e7bea6f377b75c3d422b5399e6b683ae0ca,hjkgrp_molsimplify
129,07ce8c2341423e92907db34c08deef5d3f3502d9,hjkgrp_molsimplify
130,07cf4b1a1be608a90eddd39a6d98f59499ddf891,hjkgrp_molsimplify
131,07dffb1fa4a061a6645c2e4030fd82ea9a0f81e6,hjkgrp_molsimplify
132,07e4f6a3c5b5d85fbe3706b9db69d20429338570,hjkgrp_molsimplify
133,07fba7ef915b93f2d4f374a18a292508130a347c,hjkgrp_molsimplify
134,080cf3faa3f4bab8599a8d3c8bb64d1a7d21b2f9,hjkgrp_molsimplify
135,081b9ca50e13d62ef9c61a59c85e90ddcc29eced,hjkgrp_molsimplify
136,082b5398acd03700b3a709a92c357b89beb9b315,hjkgrp_molsimplify
137,083f2cea16239154927f1bebd1c45e7a36ffec81,hjkgrp_molsimplify
138,087932216de9afb1a6f02aec69f9c1ecfeac5953,hjkgrp_molsimplify
139,087ba551fc5a8cdd5b47024c47bfeac882a4db4c,hjkgrp_molsimplify
140,088250228e2e4eb20206f13301c6d9102b3e04f4,hjkgrp_molsimplify
141,0897535790aa85c61d7a7ed0ecd75e0c2b59bd66,hjkgrp_molsimplify
142,08a3148b955b1c2f0500b730f56f7e5ec7a3b05f,hjkgrp_molsimplify
143,08a7ec90d8dd92f1a8a0cdccbd6897b6ce8d3a56,hjkgrp_molsimplify
144,08ac036b5cc02111e58d3d6677db793ed3ec02f7,hjkgrp_molsimplify
145,08f5b36f264874254141e0beb81fde7554539723,hjkgrp_molsimplify
146,090041c91545b6cc77251e50bdb04dd7e8a6c233,hjkgrp_molsimplify
147,0900d2f91a766c7810020f293e9fe121acda5636,hjkgrp_molsimplify
148,092af159015cdb94b56e06c4b651a8ffcf36663e,hjkgrp_molsimplify
149,09328475f336fa2e1a0cc6f986a123d5fe31fc7d,hjkgrp_molsimplify
150,0932d09495d96473de9302ef95881c07f6de8d91,hjkgrp_molsimplify
151,095438c52b3e72b83142679deca6e4d75804a36b,hjkgrp_molsimplify
152,095bf67c18346cc2ecb2083273e10057f5d5aa14,hjkgrp_molsimplify
153,0966e165758c41a58f994b4ac60e51e3459b4249,hjkgrp_molsimplify
154,097d36493e2104029c5d45c0cfb8a80f267ad829,hjkgrp_molsimplify
155,098651da420960a0bfcbe9df7f517bf02e0cad46,hjkgrp_molsimplify
156,099394f8d00ac4ac680150dee0a45996af2b7ca7,hjkgrp_molsimplify
157,099759f4cbb0576c921e4978684cf636af2cc7d5,hjkgrp_molsimplify
158,09b3d6f59db417f4416d3821412626fc5dfe40bc,hjkgrp_molsimplify
159,09b8db424fff927e71796e81874f01ee547c1e4f,hjkgrp_molsimplify
160,09cde3ceccf09e7f03bbae06784ef3f532679f27,hjkgrp_molsimplify
161,09da2a0fa4db43393c3e0a10b479d66de9e4ac0a,hjkgrp_molsimplify
162,09e519561c714b3c9e74d06cbb2edf438a97ef66,hjkgrp_molsimplify
163,09e62df61002dd454f1f9058438456485bf3821d,hjkgrp_molsimplify
164,09faddf8570cf7cd3395a3e7f96c398173116587,hjkgrp_molsimplify
165,0a25d92246154dade605a7138670cdeb29258238,hjkgrp_molsimplify
166,0a4d48cdedb1de5f8ef144ed7c8740ed41f8d3e5,hjkgrp_molsimplify
167,0a5ab4ea5f412756fa4c1b15645d39224780b6f0,hjkgrp_molsimplify
168,0a7d6b786f75fa2a8730bfbd6a1f1846e34f7b72,hjkgrp_molsimplify
169,0a80e02a76be28335c7aa72b18b0ce6281330955,hjkgrp_molsimplify
170,0aaa2dff99fd1d13acaf57e67c73f80bb1c5b09a,hjkgrp_molsimplify
171,0aad19915b0f07062632d51354fe4df26c80b6e3,hjkgrp_molsimplify
172,0ab574356e835e480c155e87ee145b5ad9a48880,hjkgrp_molsimplify
173,0ac996e684c06b113ba69bb5c0aba8c95aa8b96d,hjkgrp_molsimplify
174,0aebeb912aff517cbd0eb0b0298c85f56e5777d4,hjkgrp_molsimplify
175,0b051eafe24dd234501df0728e9ae1561116dc31,hjkgrp_molsimplify
176,0b19d9d49d9ca23cb3bac4c45a983626d30b1a4d,hjkgrp_molsimplify
177,0b58517c59340de91b559b3550c8c84bdbde50f2,hjkgrp_molsimplify
178,0b6c0529acb232745ac6b3b54d0f6bba99feceec,hjkgrp_molsimplify
179,0b8e8f4ec3afecede45d7a666c8965d0e03c30f9,hjkgrp_molsimplify
180,0bab0e34350121463deec7d23d63624c7caf55b6,hjkgrp_molsimplify
181,0bacb6e9dfbcafaf4d16cfdaca54f22976fe66f0,hjkgrp_molsimplify
182,0bb7d33cd64c27f6ef03da169944c2c700bfaf69,hjkgrp_molsimplify
183,0bc72054ef001640fcccdde04f0d840cf543b853,hjkgrp_molsimplify
184,0bdc98ba4f14557e72e60de552785b68c3bc7652,hjkgrp_molsimplify
185,0be88b27efee655d756c2ed04bfa0ff16435610d,hjkgrp_molsimplify
186,0bf1b307b84e08a541c1bb68b5b738d3fb558cf9,hjkgrp_molsimplify
187,0bfaee982f15beaa9ba16cd29e197f46c61efb68,hjkgrp_molsimplify
188,0bffa4d06f9229b2d07c6f51a37df44cdcea0bb6,hjkgrp_molsimplify
189,0c0b0faee7356d621500b6585dd17fa3db396629,hjkgrp_molsimplify
190,0c112db712daeb29e969417fee431fb3c5529b74,hjkgrp_molsimplify
191,0c1e0f2b40324f5b0ed1865086c018fb3c560ed2,hjkgrp_molsimplify
192,0c1e95a1da13c12da608d3b8c02d3a17aeb23e3f,hjkgrp_molsimplify
193,0c28d51a14e7dde667623100bd0b4f084b4e84b8,hjkgrp_molsimplify
194,0c2f14313dfcadb36f63a33bc0b824d40e891c0f,hjkgrp_molsimplify
195,0c35d18de87648a069a4cf6b560334784bbaced0,hjkgrp_molsimplify
196,0c48c73f4a524a106917c884c9fb11564fcbdb73,hjkgrp_molsimplify
197,0c74afa91348b5da17b92dd28e81d4f521d3db20,hjkgrp_molsimplify
198,0c7c1e1994e4dae6c5356c850defe28ad1ee087d,hjkgrp_molsimplify
199,0c7c7a1a70e1d46e0e99a740b5146753f16f062e,hjkgrp_molsimplify
200,0c8aa4eb6c40fb5d170caba0e7580f69016e2c93,hjkgrp_molsimplify
201,0c94f6f9d0895e55bc117f5e0cff558a388c0d71,hjkgrp_molsimplify
202,0cc1552ba9fa7201e4718609d4471303e4b01494,hjkgrp_molsimplify
203,0ccc30b0d1e6b976105b1c7b713661a7fa34b6cb,hjkgrp_molsimplify
204,0cf97a4ca058b5d95796cc3e242463272f845dc5,hjkgrp_molsimplify
205,0d31e6048b72791186eeca92dfb61d913fb4ec16,hjkgrp_molsimplify
206,0d408028c253fb417071aa80316294e4927cb9d9,hjkgrp_molsimplify
207,0d4f714ce4548f2d61e28d0ffe879a31850cd394,hjkgrp_molsimplify
208,0d66bd3eeb900c4bee885b959c234467d5e96fa8,hjkgrp_molsimplify
209,0d6a64f8d76494dd23feea01123eb9b850acaa0b,hjkgrp_molsimplify
210,0d7f4d56666eead72f2028a1867f1da6fc7d73e9,hjkgrp_molsimplify
211,0dae13a49c60c52a571adf426afb0bbabaebee7a,hjkgrp_molsimplify
212,0db8101b9bf18b83f43fa96130fe85588a5e2812,hjkgrp_molsimplify
213,0dcd54fb5d4de5f793f06314fe8ccedd3e8ae62e,hjkgrp_molsimplify
214,0dce44ea8708a69b877469c603623fdd98bcb15b,hjkgrp_molsimplify
215,0e1a9056f5c765e525d3aab8907825d02480e702,hjkgrp_molsimplify
216,0e2a61adf98b28e208933deabc32e5d282b00bb8,hjkgrp_molsimplify
217,0e3ad70faa317558b429162c0e379bc9a83b8d95,hjkgrp_molsimplify
218,0e4dfcf00bf1d5d19c8b9347bfc0b9d0b76c7925,hjkgrp_molsimplify
219,0e6ed106710ded917c0445a2d14c51ddd5f93723,hjkgrp_molsimplify
220,0e868c1392989e90d6c1ea4094bc81f142b11f09,hjkgrp_molsimplify
221,0e9b034b2becf1e4873c793a6547c1cbd4196559,hjkgrp_molsimplify
222,0ec607305e9b2d55c7cf6565536888a7c4b4e54b,hjkgrp_molsimplify
223,0ecbea31bc10ff5c6808e896b66b0d765af707cb,hjkgrp_molsimplify
224,0ecd981eb59949444d63db8b5a03abc01e0f83d7,hjkgrp_molsimplify
225,0ece471664bce6827e00767515a7d790b4ccc58b,hjkgrp_molsimplify
226,0ed95c5da4ec61ae6cc60ebd0f6009202b82cfb7,hjkgrp_molsimplify
227,0ee99426169c0f9e56b1324016939e91c79ee9b6,hjkgrp_molsimplify
228,0efa211976ed71fe53ebd8c4ebc32681e963e294,hjkgrp_molsimplify
229,0f1b53c979639c67b20ec434328a98385a57d037,hjkgrp_molsimplify
230,0f255bfd6b77a94579882f27ea05f69c56e29bf0,hjkgrp_molsimplify
231,0f30b4a915782cc9ebafc57f8ebea31c49cb26ea,hjkgrp_molsimplify
232,0f4c70ed0986c272bfd335b97162028dfb331247,hjkgrp_molsimplify
233,0f4f81591a0c1e1728c1fc3dfe583915f19a7acb,hjkgrp_molsimplify
234,0f5b3ca501c608b256de1f6e26c53210e316dadd,hjkgrp_molsimplify
235,0f5d604e2c6ab8f722f9f50b2bf00c04709d82d9,hjkgrp_molsimplify
236,0f7a1e468c17b1f9daa1eb6fbc37fb36859307ee,hjkgrp_molsimplify
237,0faaf86688866eca15ec9dac4da97d7f00329d73,hjkgrp_molsimplify
238,0fbd3b8f47d1dfff9645e0ddf18d9c26c5be57a4,hjkgrp_molsimplify
239,0fc386af00fea2fe57334f75ed57880cdedbdc39,hjkgrp_molsimplify
240,0fda2903e5fdc40361f8372e46dd47b151f1a862,hjkgrp_molsimplify
241,0fe26cd6a4e65722c5466252e40ed48ae5844b25,hjkgrp_molsimplify
242,101c02d33f737057c6c1d723d2f3b6bddcc87f56,hjkgrp_molsimplify
243,103445c552118df115968b793b3cb2f3137c131b,hjkgrp_molsimplify
244,1055a7f728840ba404356c0b189e2ecaed975977,hjkgrp_molsimplify
245,107b9fd659e09cf1f417284ab472498ca8e47418,hjkgrp_molsimplify
246,1098780ae224e6dc7574c8a705bd087888261470,hjkgrp_molsimplify
247,10a01defc6418c12eeb140bf0dce3882b013bf8e,hjkgrp_molsimplify
248,10b1c91b2691cc0efb526bdd83d7fa6d759aee16,hjkgrp_molsimplify
249,10b5832a3944a2b51164b8ec33216aef3f839132,hjkgrp_molsimplify
250,10caeda9d94b7946a945d873ce6ee49e48f35364,hjkgrp_molsimplify
251,10dc8667462d7eef6ebc57bc9ac6dda264e39760,hjkgrp_molsimplify
252,10ecae585f2cbcbca3531b07f412f8722857598f,hjkgrp_molsimplify
253,10f3e587bf299f9bde125cd10d44832c1d60dd01,hjkgrp_molsimplify
254,10f78a2d4030b4f4e5e589811c6586723a4cdcce,hjkgrp_molsimplify
255,10fdd29e904e9b69200c49b3c707e80993774194,hjkgrp_molsimplify
256,11011c7f92f6b99866a637bc17061239e9573255,hjkgrp_molsimplify
257,1104f26a3114122c75f762601e65c49d466fddc1,hjkgrp_molsimplify
258,1107f12a6f55f49800d944571e747543513f1074,hjkgrp_molsimplify
259,112a8acd42a2e1fcff6c01f81fc72a780fc393f1,hjkgrp_molsimplify
260,112b63e73217ef03376d9b2d878f627da5cba9de,hjkgrp_molsimplify
261,112f22084977527ef7bb7b1fcaca1cad09dda291,hjkgrp_molsimplify
262,1140b12876992c77d72e4b3ff5e17a0b2b0b422d,hjkgrp_molsimplify
263,1156cc9af11e1dc3631adff15ea3eeaff07c1643,hjkgrp_molsimplify
264,1164d14ffd03b756bf53638de29e16296720f4a6,hjkgrp_molsimplify
265,116f418fbe6318ca6c6dca38c7f0e7aeb4be166b,hjkgrp_molsimplify
266,1178abfa7395355d5e52dc2854e05c3bec4be1ca,hjkgrp_molsimplify
267,1181ebcb1ef5cb101de2204a399b9fc74e933ef3,hjkgrp_molsimplify
268,11a54ce5a44ea41cd5339266c98dc29ae20c5135,hjkgrp_molsimplify
269,11b45424fdaeb65f37b53e795e69281cc3b5b7cb,hjkgrp_molsimplify
270,11b87ff9d608bea023fc09fd7a70ea1459327ffa,hjkgrp_molsimplify
271,11c10e0afe62134e2084ca8628b277e1a07d416f,hjkgrp_molsimplify
272,11c60243d2168d94614ea19c3d02206300210daf,hjkgrp_molsimplify
273,11ce2f4b68b44df91b89fcb35c46d57211f1d782,hjkgrp_molsimplify
274,11d0de75669b0205bbfb44f02babefcf612e7908,hjkgrp_molsimplify
275,11d1200c7396e1986590c86ad46b11ca809cfc94,hjkgrp_molsimplify
276,11da9e4034812d20d6c6716be9d4024e974b2fdd,hjkgrp_molsimplify
277,12146c58957cc0e989cdafc4a658d6bd5c33d91c,hjkgrp_molsimplify
278,1216f113b82c5445fedc8aee11e551eec0547178,hjkgrp_molsimplify
279,123f3d1c44ba7e2f85daa6ca11287a271e8b88c4,hjkgrp_molsimplify
280,124fd7dfde0e5cb8c9dc0c8d72a7f74e63931fde,hjkgrp_molsimplify
281,12605de350b70d0a35b1e2f71beebd953385502c,hjkgrp_molsimplify
282,126e9644b7d0b8b26cfe00f59fd7c7a09bc68715,hjkgrp_molsimplify
283,12790aa685269efa184ec5628598ee61078ebf84,hjkgrp_molsimplify
284,128b6b7e466dbd06ff931c692cd854dfa218bc35,hjkgrp_molsimplify
285,1299399e9a8525d396bf3fbdc28ce4d8f743e148,hjkgrp_molsimplify
286,12999f2c2c7af75ae3c09703d4fd5c7ae5c0798b,hjkgrp_molsimplify
287,129efb045964b7331fcc11a49b993d89c56c8940,hjkgrp_molsimplify
288,12a296ede668b77816a92c108db0e4c677f94bb4,hjkgrp_molsimplify
289,12adbf5a1d8160dee22226b66de244cdbb2c62a2,hjkgrp_molsimplify
290,12b7f996c03167dd0b863a396ca29ece485ce020,hjkgrp_molsimplify
291,12bc2f1f6bdb9bb3d68be388fe24c802b867ba9a,hjkgrp_molsimplify
292,12c5e39fdf034814ffc24f15f70ee5118873f2b9,hjkgrp_molsimplify
293,12d99e6cebfe6152f41495cfa250e3693963dd58,hjkgrp_molsimplify
294,12e45820031f1c4c17adccb91b23edc8181357f1,hjkgrp_molsimplify
295,12ec33125ac43e00df06e3ed6853edd01122f6bb,hjkgrp_molsimplify
296,1304d24ae41ea63453e214673ad9b1fd90efab41,hjkgrp_molsimplify
297,131572308e77957b3882a889d002ade819bc5ddd,hjkgrp_molsimplify
298,131d78def14a06bff3969a24ea311910f58e547e,hjkgrp_molsimplify
299,1321df5438501565bba92a775a15bdac189c4e97,hjkgrp_molsimplify
300,13233e8c2cdbc7ddcc610edfb4fdb156bbfbcb4b,hjkgrp_molsimplify
301,1327be46df447a92e7ebfc55df435cf4911a5b21,hjkgrp_molsimplify
302,1348792db36c5db07a57e86e43b46084d8348dc4,hjkgrp_molsimplify
303,136e48d623f3ed145f2b7913dbd3a7d4d1ad37ac,hjkgrp_molsimplify
304,1389677a2a605e1d7df64354f47130a5f17b14bc,hjkgrp_molsimplify
305,13a567f7c1971372582a4757c5aec1a5f86e78bf,hjkgrp_molsimplify
306,13a7ec811c9e56dfa100fc9a8714559c1bdd2015,hjkgrp_molsimplify
307,13ebde7c5d11502295beec0845af2bef86218156,hjkgrp_molsimplify
308,13ed08f30639ca5af56ca30dcd28fd18824a3336,hjkgrp_molsimplify
309,13f76359c05db453c7f82fcfba9af7648ef0dcab,hjkgrp_molsimplify
310,1400d4327a84ff83a398f6ba3389bbd7c5fa2ba9,hjkgrp_molsimplify
311,140960a49766647f527e22bfbc9e3f3287cec49f,hjkgrp_molsimplify
312,141e32869909143e169a943e853b840b1f5c14e2,hjkgrp_molsimplify
313,142b258ca8b055f542e8c3a6ab4c8b04b8f2ad96,hjkgrp_molsimplify
314,142d683880486af8ab8e292fc242f5d058e2f57a,hjkgrp_molsimplify
315,142f9fb9822c66e8ede07dd676f242201767949f,hjkgrp_molsimplify
316,144df948b8fdc118bf2bd625d67878a715e51d91,hjkgrp_molsimplify
317,14678df5e1be4713278ae3976d0001c42d1443df,hjkgrp_molsimplify
318,146947bea48b4d04861b402e0209888512558e09,hjkgrp_molsimplify
319,146d49c113dfcd3ead025f705bf5d7b1e8264936,hjkgrp_molsimplify
320,148b140f2c28778ef9ba0317e35f6b8b5f2847d5,hjkgrp_molsimplify
321,148f79f539a0311008a95e5debb68aa16cef233d,hjkgrp_molsimplify
322,149d2f82ec71f32b8b91dfd3b80173448282dddc,hjkgrp_molsimplify
323,14a52b546bcbde8b82ecad9dd12f6e20ec74bdc3,hjkgrp_molsimplify
324,14abe14095d7652650cd712fcfe83d996a1ce122,hjkgrp_molsimplify
325,14b004ea8b7fc82a7c2ac764d8eaf313acd1614c,hjkgrp_molsimplify
326,14b8fa52a67e49f901e18023327edf6dba491249,hjkgrp_molsimplify
327,14bdc07269a7143289ad4673f4848b1ebe60bcaf,hjkgrp_molsimplify
328,14bddb579549ae72094190fed9e59fc19af99df4,hjkgrp_molsimplify
329,14d73e6959047e6f509632ea07a9da695b31cb88,hjkgrp_molsimplify
330,14d87825634ecd97a7b1fe753d951bdfbb9d75e4,hjkgrp_molsimplify
331,14ea210f6775326e150743aa713747b77299466c,hjkgrp_molsimplify
332,1509cb13c6150319ba562d56b88759a9b4137841,hjkgrp_molsimplify
333,153adc44381084b20bc9ecdc1a474692dab3f375,hjkgrp_molsimplify
334,15564168f5e46238fd44e1d10a7c48474fae61f1,hjkgrp_molsimplify
335,156527128743faad6e0a01f35c08133c9dc8230c,hjkgrp_molsimplify
336,15680eb4accfc8ddabeedb20748c77000aee7b2b,hjkgrp_molsimplify
337,15981356beed0f857dd8f6e557539a04d6af100c,hjkgrp_molsimplify
338,15beaf6bd60833f53ccbecc6a5b603f3775d5654,hjkgrp_molsimplify
339,15c152b3bb1194388f2834a1e5d32ffdc5aa0e94,hjkgrp_molsimplify
340,15d018c9cbd710d43b4e4e3beb86b2731a5a16ff,hjkgrp_molsimplify
341,15f55b3fb302855446a67edaa4ad49b8fdec731f,hjkgrp_molsimplify
342,1605992300f7c478eb5d494f519327475ce18ee8,hjkgrp_molsimplify
343,1607b7fc41fa0c79a213ca036446873d488bf795,hjkgrp_molsimplify
344,162a28cc2fb170a656038f3f15290543d4a75684,hjkgrp_molsimplify
345,163437021255d0dbfb6dd3ac13925520314e270a,hjkgrp_molsimplify
346,16439acdb55d2a245ecd8d77f98fb5e473856afa,hjkgrp_molsimplify
347,164c1109777eceffb02bb7415485b265269b1b17,hjkgrp_molsimplify
348,166de196ec5e522e5d1379dca729375729d4c129,hjkgrp_molsimplify
349,1673a92aeebc2ae7d3571315b08bd0fc2ab63a45,hjkgrp_molsimplify
350,1680eae20d488f30a596c01fd2d899253d5d8a1d,hjkgrp_molsimplify
351,16b6e5fe78a451dd125211fbf595f3ca571523f9,hjkgrp_molsimplify
352,16c8855c2b9e97a182a1539e91cf395a38d9fce8,hjkgrp_molsimplify
353,16ddfc0caeabc8653bd357f98a7cb7f950f7bbf9,hjkgrp_molsimplify
354,16e33c9cde3a25c629d0c003f83857303467c068,hjkgrp_molsimplify
355,16f07d137e1cb9d0965113aebf9ca4f6bd4143c6,hjkgrp_molsimplify
356,17047a2df6ab3fa716ee2e41aaeb5d03d68cd321,hjkgrp_molsimplify
357,17055c548c8d5a3bd394095b04735d52736fc610,hjkgrp_molsimplify
358,17096a12755456725d897e9c8de56cced354cc57,hjkgrp_molsimplify
359,170f2b96eec1e8c454d5a886a2ca59fe1557de85,hjkgrp_molsimplify
360,1714415145cbd970a2643b993a8a2e7e9e0ce890,hjkgrp_molsimplify
361,1719985cbfdd9d578060785df1ca3e7f5bbabfc6,hjkgrp_molsimplify
362,1720daba9a59343eb2eb145f63cd0d2a25973954,hjkgrp_molsimplify
363,1723a709ecfb65eb9081732835921a774b04861d,hjkgrp_molsimplify
364,1738c3ff040bec6900c1e63644c13e9230ca36a3,hjkgrp_molsimplify
365,174e49ecd4a617bfd2684f0bd559d150d92fcff9,hjkgrp_molsimplify
366,17568adf13761e177248b70ee455c1cfd480710f,hjkgrp_molsimplify
367,17622d11ffbfe9cfea2f20604a15aee45cd323af,hjkgrp_molsimplify
368,1767564df34010df64c6b04d7061fd171c8fe337,hjkgrp_molsimplify
369,176793942c582f3509c1ce7c8d5c1e594a455fbd,hjkgrp_molsimplify
370,17cfa744a3ce11614d1eae92dae00319516aa5d3,hjkgrp_molsimplify
371,17d4ea238a097e82a2a06ce7728df835a173e3e9,hjkgrp_molsimplify
372,17eaab6cb0c616a9a80329e3dc092471824d6806,hjkgrp_molsimplify
373,1802e4c39a735583d3c92c9678a67c4b84f47eb2,hjkgrp_molsimplify
374,1805594799acecc897f526032badc64b6ced7b7f,hjkgrp_molsimplify
375,1809a5b3f4c70a064029062d80ccfe55e242b5d8,hjkgrp_molsimplify
376,180bce334c40c86d9aa4936375607ab9725fed4d,hjkgrp_molsimplify
377,1821d0b60dce34ae56981a363cce2338287173ae,hjkgrp_molsimplify
378,183d946eb23aeb11b8d63e28be2bdb8865271f9d,hjkgrp_molsimplify
379,1845b3a944942c05c179c2049c8405ee46363824,hjkgrp_molsimplify
380,186c6df8e32d861ab3efe57422304deecd17a3f4,hjkgrp_molsimplify
381,187cd37a890f3b5e6b269f3dd7853d6fb243282f,hjkgrp_molsimplify
382,18834cb480e01903e7d575e37e232f71bfb9f1f5,hjkgrp_molsimplify
383,189c3135ffb8899943c1344b257e754867b301c8,hjkgrp_molsimplify
384,18c1fb3a50ed4be569d0c951f0b94a001a0d2433,hjkgrp_molsimplify
385,1909c69c60b83084f25bfab00714e54476f3ad68,hjkgrp_molsimplify
386,1927de4826090fb3ca9cb89e6d41fc4c5dea1342,hjkgrp_molsimplify
387,1928785b3f5bba525b6ad29b197211a3e53dedd5,hjkgrp_molsimplify
388,193799fe628bac6146803452a712b6fc7fce69ce,hjkgrp_molsimplify
389,193f8ec8e7643032f10511dfe194744d30dabf7e,hjkgrp_molsimplify
390,194788f01a30b02e611aebc557714c93c238b834,hjkgrp_molsimplify
391,1947c837b9171d2ac15ff472647ea03c050e5d9e,hjkgrp_molsimplify
392,19523664b33028cf172c375c95c61a0244a23a8d,hjkgrp_molsimplify
393,19563513daa2e3aad319ea188a66fe9cc71542ec,hjkgrp_molsimplify
394,196cde9a87394670fffb7bc322d4524b6d59c9c0,hjkgrp_molsimplify
395,1984c62f1768418f13eeb5733bc9489a1a0057ed,hjkgrp_molsimplify
396,19aa0f6e2fefacd72b6040ea96530b2724f7c5a3,hjkgrp_molsimplify
397,19c807d2a98da7562f0a0e6b535540772451a6f6,hjkgrp_molsimplify
398,19cc30d5238b9fc2f99493cd12869a4f6d6eb337,hjkgrp_molsimplify
399,19d645ada44d129697f4f3c49fa30af096c87100,hjkgrp_molsimplify
400,19d9f217232b061cb6c535a20b4a804f611ddd21,hjkgrp_molsimplify
401,19ec5c59c9059845022d0bca2b113448ed829351,hjkgrp_molsimplify
402,1a25e5ca949865072692ce54f78c8d4d1b482d05,hjkgrp_molsimplify
403,1a537f380982f590e063fd4c3b6369fc604ac907,hjkgrp_molsimplify
404,1a548daea6ef8620dd0560bec2cdfeffdb085b17,hjkgrp_molsimplify
405,1a599ae573b33923f3ba9194da77827695713ead,hjkgrp_molsimplify
406,1a5bb1735ae2db60e2b6c6ff128adbc0a88b51f3,hjkgrp_molsimplify
407,1a8c41902f1832fe4b6c3b0fd9f5021d6ec18899,hjkgrp_molsimplify
408,1ab09d7eb7d4e1494cedacdae1b4f58af0ccaa57,hjkgrp_molsimplify
409,1ab60a6d65d5344dd2a1360954c55d3eac2e0a72,hjkgrp_molsimplify
410,1ad042a9f8e94122d2576f8a19691e474b073c8a,hjkgrp_molsimplify
411,1ad84401e7a05ec85567686f9dc6597f4ea2c219,hjkgrp_molsimplify
412,1ada75c69d5f18ca9cebd55d59046047a43ea346,hjkgrp_molsimplify
413,1b2019ade3ca31147380b32e3842e85a71034f3b,hjkgrp_molsimplify
414,1b3e933abf9273862695f1c78a47b30978ca1153,hjkgrp_molsimplify
415,1b5e95ba1cb416dca629f77649ab1ae030ae53cb,hjkgrp_molsimplify
416,1b7560d63169dcaf0be584d980c47adb89252481,hjkgrp_molsimplify
417,1b7d58e1eefb94a9fc9ec4b18343aecb0be0ccf8,hjkgrp_molsimplify
418,1b7ee278307b49a9a447278ea6a18a2d3a313f7c,hjkgrp_molsimplify
419,1ba29c304009a73066e25f26e99e5eed92172f16,hjkgrp_molsimplify
420,1ba7c0d8bbd59705b5be81f84a58e9be3f7c50ac,hjkgrp_molsimplify
421,1bc1b28b9ffce7cb8682d1c77f42db9502ae8e15,hjkgrp_molsimplify
422,1bdc6c6c76e4246259193f4a1c0b4b75ee2f05fa,hjkgrp_molsimplify
423,1be08a53a718c26abcc027e645b78d0044c80b2b,hjkgrp_molsimplify
424,1be380fd7f9a0aa0255f297cfc12f421ac9a11a4,hjkgrp_molsimplify
425,1bf4ec1f0e5d528cd845b6e93f32c9e1475f6a22,hjkgrp_molsimplify
426,1c05927d78dfb26e43f2394010a9c1e8422ff1c6,hjkgrp_molsimplify
427,1c0f10237604398c846c6725ab3a439b69c1b070,hjkgrp_molsimplify
428,1c1828df705f7ea956f2adb58d3904933ddfbfe9,hjkgrp_molsimplify
429,1c29cdad2c11e0bc80dc22fbb9f7ebfe1b0fbdbe,hjkgrp_molsimplify
430,1c2bf1943313da2f8f0add370d1baf3705183e92,hjkgrp_molsimplify
431,1c36ec5b33390549cb797ab5e02b1ae4baadb888,hjkgrp_molsimplify
432,1c39c62d6cef282c77568ad46ec7ec9b3c04f839,hjkgrp_molsimplify
433,1c619d74561ca283af62fe62046cb8850aaedace,hjkgrp_molsimplify
434,1c690032d330392798628022bd89d847250931cf,hjkgrp_molsimplify
435,1c6d1b3e43d9f5201d51058b54c66b6e6ece673f,hjkgrp_molsimplify
436,1c6fae73163d89af2eb2f1792944dff1ef6bbdfb,hjkgrp_molsimplify
437,1c7ae6ad933fc5a4194794826008724a5f2067fb,hjkgrp_molsimplify
438,1c8fb7eadb1e51f44f7f4b9c57891304c2da8a8e,hjkgrp_molsimplify
439,1c91bbb534a720c93d0fd6fbe478cbc3ad41e3b6,hjkgrp_molsimplify
440,1c921e373ea9a20cacd79fe3851717c8bc427327,hjkgrp_molsimplify
441,1ca2ab14cbac3ffb6fc1c1683d20782e77155d4b,hjkgrp_molsimplify
442,1cafa5cc62589f04c5806e736f44c9fb5056457a,hjkgrp_molsimplify
443,1cc24cfd196f2cdb63eea409ccc800033801ae40,hjkgrp_molsimplify
444,1ccc40e814cc9fb25e6d5af2b41b92c2abae05a5,hjkgrp_molsimplify
445,1cd3313bc090c9dd67302881cb83d4bcfd0bb321,hjkgrp_molsimplify
446,1cdbdfc89c77558581046c9b70f65537045176bd,hjkgrp_molsimplify
447,1cef57541d6b31ff387d21b7e00b4b7f09dc91d5,hjkgrp_molsimplify
448,1cfb81bb21f635f75b74794be56fa907b3a82159,hjkgrp_molsimplify
449,1d16954f6d5d9bf3de3a831a3003bf4a8a13743c,hjkgrp_molsimplify
450,1d16c68d514eef52a4f998f56809af8814cd680b,hjkgrp_molsimplify
451,1d1d9236ddd018a1b32d03afbf4d075c14111be0,hjkgrp_molsimplify
452,1d260a62a07bfb1f81c57920b308c978da75006d,hjkgrp_molsimplify
453,1d2916af3a0556d9dc311d4ccf8d976232ed24ab,hjkgrp_molsimplify
454,1d338298c71f737c619035104795d2dc33ada21f,hjkgrp_molsimplify
455,1d4b910e7fe580deff16ea50e6dfb28a29e02597,hjkgrp_molsimplify
456,1d54a9eebb7a32fc2f2a03fe4c3dec3806689c48,hjkgrp_molsimplify
457,1d75fdfde5ab1ab2e238e171e538a3bc3562c526,hjkgrp_molsimplify
458,1d82e5c428b8848f71124d18e1f57ee085377f84,hjkgrp_molsimplify
459,1d88b06402df757191bb9208effce7b56ed45d93,hjkgrp_molsimplify
460,1d99c4c3b40478de7adabc43d065a33fed216cd5,hjkgrp_molsimplify
461,1da01cfb204ddd108358a20ff4522ad5514a51f6,hjkgrp_molsimplify
462,1dac17f0c97214453ede3d0a569302f535c27b6e,hjkgrp_molsimplify
463,1db02022be907845f56702c6683e78f78cd89b3c,hjkgrp_molsimplify
464,1db13a06db712a86616ffd8442bf847c07cf9ee4,hjkgrp_molsimplify
465,1dbb52124e9a6ce218eab8080ac5ebbc3a601f62,hjkgrp_molsimplify
466,1dbf720c23c3e67fe6c029570d6c9019878337e2,hjkgrp_molsimplify
467,1dc17c2094878d02a623cbf36eb2666a9758f731,hjkgrp_molsimplify
468,1de2e452e9ec3e19a08fa586eb7f2964f90ee8d2,hjkgrp_molsimplify
469,1df913e848d1b1a9f22bf82853b09c22f96e6d9e,hjkgrp_molsimplify
470,1e28625f51ff07c53e525417664bdb3775f90354,hjkgrp_molsimplify
471,1e302c711bc52af7be44fac9bb09fa3b70077ebb,hjkgrp_molsimplify
472,1e41891be0fd2b082f9c4dcfbc254820c805d210,hjkgrp_molsimplify
473,1e656a2ccb44335f6b0e0df35c346421675de397,hjkgrp_molsimplify
474,1e69ce0c4aec1cd417f52b8ede52cbebdeb561d7,hjkgrp_molsimplify
475,1e7f1422ca63ffdd54c8000f063b74e526bf9f66,hjkgrp_molsimplify
476,1e8006331130e2f392ce6113c47f10679377b601,hjkgrp_molsimplify
477,1e82620192906354a89cc45edee7a85cd625c19a,hjkgrp_molsimplify
478,1ea0dd59de49e951d267f4abfffc060518c158eb,hjkgrp_molsimplify
479,1ea6f018290ba88428eec7136ad8d51b9de06b9c,hjkgrp_molsimplify
480,1ec36a9c88ad72d9476d634d2f97e6e7d3d0d4ad,hjkgrp_molsimplify
481,1ee71b243676df9a57f4721e4a491f036cd87bb2,hjkgrp_molsimplify
482,1ef398a083474c5b733a79615ff0c91667ed2440,hjkgrp_molsimplify
483,1f1af502ba79cda86b1d41127fa959facdc3fb6c,hjkgrp_molsimplify
484,1f280682f85e5eedcfd458de9a75baa2cf727ba4,hjkgrp_molsimplify
485,1f290549602e330d1436b0821a9cd900f9c31d17,hjkgrp_molsimplify
486,1f318455fd3300a500be44fb7ecd57741636bbc1,hjkgrp_molsimplify
487,1f3801f6a6df8a0431003452a6439a4d3043100b,hjkgrp_molsimplify
488,1f51c2d805da0de4f51e640eba67257da1e89fba,hjkgrp_molsimplify
489,1f52c5481aaefd8dca81493eb9c9edd1e4185f0e,hjkgrp_molsimplify
490,1f5ceda4f87c0403e564a59ae8172d519a0fcfd3,hjkgrp_molsimplify
491,1f60bc164ac849841e30d7ed17767cd95e6db9da,hjkgrp_molsimplify
492,1f6646929259974f1d238d1648b9633687852d10,hjkgrp_molsimplify
493,1f6c85343b6ecfb7dcee05b5b04c7b0d91ec7c4f,hjkgrp_molsimplify
494,1f774b6b331abe25d87b5e56e56747d535e65d2c,hjkgrp_molsimplify
495,1f79b2b4d377207126cd1eca4c70323975eb4852,hjkgrp_molsimplify
496,1f7c4a68a8e0429b89fcceddf525f7c2a74847cd,hjkgrp_molsimplify
497,1f96d7bed40c6a441c11ebc49ad46f9bbf0f2568,hjkgrp_molsimplify
498,1f9a1b747d15ca3a4da903e23c2e5f03166a0afa,hjkgrp_molsimplify
499,1fa79fcf7ed6a3b7ccf88cff2e0cbb4a79fa1df3,hjkgrp_molsimplify
500,1fad3bf4f358356ac04822fd2fa4b83f2f9b2dbb,hjkgrp_molsimplify
501,1fb6b5d16e1320f2ae6363134044f347f0dd6949,hjkgrp_molsimplify
502,1fca1d3bb35e478440f91be0c662e318498f5880,hjkgrp_molsimplify
503,1ff8cab16c51891e7cf0d0f6f638e1762715909f,hjkgrp_molsimplify
504,1ff9384b990811937c0cd178fca2b1ee8e6b3775,hjkgrp_molsimplify
505,1ffeb6127e450fed9cb5344d33b972ae24edf966,hjkgrp_molsimplify
506,200301d3dc0072f8de3f4fb1e5aa48f49a1bd6b2,hjkgrp_molsimplify
507,20468095f537c5a03d511d4fe21675b40fd50477,hjkgrp_molsimplify
508,209129d33da735cee800a689a11020183ae73606,hjkgrp_molsimplify
509,2091b26a0c077427df464bdfbd4a3a4188bb18a9,hjkgrp_molsimplify
510,209353352c78aa636d5037c21b43f1c7569420d5,hjkgrp_molsimplify
511,20b2417a67279c90ee3b192c60e1b3fc88ca38bb,hjkgrp_molsimplify
512,20ccd2ebf8623c81c04341fb27308b6b9d3f32d9,hjkgrp_molsimplify
513,20ce62adf3cb49a23df25357916e14948688e1f6,hjkgrp_molsimplify
514,20d9160cfd2e7bcdabfe5e6abd2f51bd4e286809,hjkgrp_molsimplify
515,20ddb0498c3e1d5f88b632abc7faef6dcbf74786,hjkgrp_molsimplify
516,20df0f834d2a7d0a59efe3ab66820c1355e11a76,hjkgrp_molsimplify
517,20e53ebd26872da2b99e5162ea280e3ca9d3c8ab,hjkgrp_molsimplify
518,20f549453f1d4edb5920ddc01ab75f04ddd720e5,hjkgrp_molsimplify
519,21188bfba8bd7dc031def2be29344f5636e821d1,hjkgrp_molsimplify
520,21342ae0ded7c6adcebb126e170d709e6678ead8,hjkgrp_molsimplify
521,2135dc7eafc1dd6ee7066c4154ba029d7bc3923b,hjkgrp_molsimplify
522,21381442039a60dc27b21080616104eeab3cbdc1,hjkgrp_molsimplify
523,21776a713b99ba88997dc9a6f10b478462d8a495,hjkgrp_molsimplify
524,217ff2cb9e6d8514a18a0a7ad60ea90b7275ab9b,hjkgrp_molsimplify
525,218ff414d99ead57d3010b4d3242e4801073d36b,hjkgrp_molsimplify
526,21a0d65f90047db1e17a4d3607e37de198a77592,hjkgrp_molsimplify
527,21a885d8e79db2b9e59fd76a6c19755db5173e35,hjkgrp_molsimplify
528,21ab3527851dfe46c9671592c9beb07f13e2210b,hjkgrp_molsimplify
529,21b7db13af1cf67a5f705cf66fc2aea4fb9a8c04,hjkgrp_molsimplify
530,21d23d8cd395496f434cc8d9e483a1c6230012c6,hjkgrp_molsimplify
531,21e5fd72d9f3181d4a7e82cae2dbe8de7f8d037b,hjkgrp_molsimplify
532,21e8a2dbd5fc0c7a81fca92273e39c7b12b91979,hjkgrp_molsimplify
533,2213c8b71293ede66fa6ddffdb60ba1c1681c568,hjkgrp_molsimplify
534,222960cffbae38142832d9698eb20aeca281e9c8,hjkgrp_molsimplify
535,22300f4245858ac356a117258c12188a67767e25,hjkgrp_molsimplify
536,2236a2dee6c76ab1c91df129b58c1c8064648328,hjkgrp_molsimplify
537,2236d5f6d810a330af28a1a42fa4aae5c474c7c5,hjkgrp_molsimplify
538,223f919652204ac73530f7334c10d86a8bf9e69c,hjkgrp_molsimplify
539,2244e8207f709993ed4661c153b891acca8c51c9,hjkgrp_molsimplify
540,224debe1ac997f7454f1f7a1f5e8afccf4727565,hjkgrp_molsimplify
541,225a5919c253dd4c95e05c187d590adc31c7b8f9,hjkgrp_molsimplify
542,225eda41421e071731fcc614e2773023f96c76fa,hjkgrp_molsimplify
543,2268d8470026679087632da70636dd2f33ed33d0,hjkgrp_molsimplify
544,2274dc3a282dbb5f4e145b67dcc840cc12fe7689,hjkgrp_molsimplify
545,2277865bc9b5451809feb44df70f0423857e891d,hjkgrp_molsimplify
546,2295910d67b5f1ebcdcd32e6b566512093dd57d4,hjkgrp_molsimplify
547,22af12810d30f0289f46825097d80cfc210df14c,hjkgrp_molsimplify
548,22becef448a457796584d6034afeafca0f208715,hjkgrp_molsimplify
549,22df6a645bd828bf7e1da758eae7806c7865e92e,hjkgrp_molsimplify
550,22ea35dfc88495b1af220bd09c8d692b72a05379,hjkgrp_molsimplify
551,22f3d9246ebe1269a422970c6fc4c0fb8d024ae7,hjkgrp_molsimplify
552,22ff3573d4345124c10786a91447f8a974de1786,hjkgrp_molsimplify
553,230a7f418d6446be1c6527bea0652506a78c33b0,hjkgrp_molsimplify
554,230a87c213a801ef06f96cf61222f090aa361f6f,hjkgrp_molsimplify
555,232f6081ef7a4d6f7a1a61ffada913c76be23cf1,hjkgrp_molsimplify
556,234a6cd025a9776c0ac1584fa5f2e7ad951b4221,hjkgrp_molsimplify
557,2355343432ad883693834ca501f9b6378f9936e2,hjkgrp_molsimplify
558,2366c14bcf61944d7f23da1dcd0484f7a54ec2de,hjkgrp_molsimplify
559,236c9e734ee822c27c857f452876c23b60240b42,hjkgrp_molsimplify
560,237e040b63a4d579d658dfc5e99af8ab0be75353,hjkgrp_molsimplify
561,237e1e7ba2f8624ab3a802ea54bf81c37d4adacf,hjkgrp_molsimplify
562,23805abed4799f16b60c666ff8078fe42b490e65,hjkgrp_molsimplify
563,239ae6cd3c30d09835322df8f1ae420e2cfd04ca,hjkgrp_molsimplify
564,239be827c9fc3d60917209da5ecb45d1b976f1ff,hjkgrp_molsimplify
565,23a0abfa674b6ac1761bdea8c9c4e20819aa2b01,hjkgrp_molsimplify
566,23a350b29832783109bba1a8b5c01c52b472f43c,hjkgrp_molsimplify
567,23b367baa495eb655e0f398ba106a619f9a3f36d,hjkgrp_molsimplify
568,23b866363721c301693377ec5d6ffb740756e926,hjkgrp_molsimplify
569,23bdddf98de7918cfd65db4d70ad47e2c880f589,hjkgrp_molsimplify
570,23d66dbe8695ebb283af1bda2f570eca21bcd3e3,hjkgrp_molsimplify
571,23f21232012eec952860fd53057648072fb0e50c,hjkgrp_molsimplify
572,23f5d2cdf58c564282b757056ac908896cb8ab72,hjkgrp_molsimplify
573,24110140a8109ceb71d73058622c796ad8b2de52,hjkgrp_molsimplify
574,24268a447b4a147219813bac44c8c222df1160f4,hjkgrp_molsimplify
575,244336ba134ab89e9ad7e37f2b977e5de3c984f4,hjkgrp_molsimplify
576,2452cc96c3a6d3bb769da31af613e8e9eb6d4dbc,hjkgrp_molsimplify
577,24530ae5e1072ae0f772515fb907dbfcb867bfac,hjkgrp_molsimplify
578,2454ec94a62108e7c6fa8e3246076a1e09aca8b4,hjkgrp_molsimplify
579,246967dd83014f86eaf85d4d092738b99587d811,hjkgrp_molsimplify
580,246bd7c9ce01e5902191be0460c3111126e7b0f8,hjkgrp_molsimplify
581,247a78e18836ec901142c1e4556e69b4fd2779eb,hjkgrp_molsimplify
582,247bed298043eab3877f6607f50d7ef408502e1d,hjkgrp_molsimplify
583,2486d9660cad45e411df7fd5de0c123f58cdfc04,hjkgrp_molsimplify
584,248d03c6372bad8d368ddf05f3f70a4a9ea06021,hjkgrp_molsimplify
585,249141fe01a369387ad558a1bc7d4461bd44b0b4,hjkgrp_molsimplify
586,24991c82f32ded7ef982afd6ac44edd43faa1c82,hjkgrp_molsimplify
587,24a11d944c3bdab312b4c436fa061e06aed33447,hjkgrp_molsimplify
588,24c3f8d71a467363a8b163e8a1dac3295ad666c5,hjkgrp_molsimplify
589,24dcccff27610b78ff06cb6a27b5613eed7307ce,hjkgrp_molsimplify
590,24eb7cb5d4b53efca726e394d58aeb47b61d305b,hjkgrp_molsimplify
591,24fa89b6467e8f4b2c7497012f01e44f0f75c84f,hjkgrp_molsimplify
592,25011357f185d9b2ab0bc31628b71a5390fe7528,hjkgrp_molsimplify
593,250d8650deecb8fafb86826e7b46e2690a89902c,hjkgrp_molsimplify
594,252eb1b9b16d717722ded443fdb70a30d9d0bc6b,hjkgrp_molsimplify
595,254b4b91b614070c8c7cd9b6807c5c6f11ba5c5e,hjkgrp_molsimplify
596,254d21d2d7e422f7147dbcacfcf2de6b9048fee0,hjkgrp_molsimplify
597,255a41101cccf76f069758305831c5513494d77f,hjkgrp_molsimplify
598,25676d1197d4e653dc3c6dc255492f56deb5aad4,hjkgrp_molsimplify
599,256eb701722bd1cb842e728df298e2ba93a40366,hjkgrp_molsimplify
600,2571f60f0bc6c1471920777462ebd71ecda3588b,hjkgrp_molsimplify
601,2572f15a9ecdec295923fb26fbb7ec99da8b523d,hjkgrp_molsimplify
602,2577bf0459860b8227d1b75a516560901fd91c7e,hjkgrp_molsimplify
603,25884a1eb0c9a65a6340c8a0a02597419cc5ea16,hjkgrp_molsimplify
604,258a135e59f230d19365e47da2d8b1e7245ac839,hjkgrp_molsimplify
605,25905c9f3c6955228ed64eaf333775c7a9f0ed9e,hjkgrp_molsimplify
606,259e5463e82f7aa7111c31f5218abdaa4b4f8351,hjkgrp_molsimplify
607,25a62af78bdd9fcee5e7a8ee8a6f0d5a5fe6ed8e,hjkgrp_molsimplify
608,25bcc6016ccc0071c9f4fff96b0db0e334915d87,hjkgrp_molsimplify
609,25d4d4b3621c1682d0d5595ed515785cec1fc7fc,hjkgrp_molsimplify
610,261c71f4cdef5e94ac85c30977a0843f81e0eb25,hjkgrp_molsimplify
611,262b7a6db08ffe8bcf551072269123ef956632f9,hjkgrp_molsimplify
612,262d69fc27a98347fd6de986a7e336dcbd00b38e,hjkgrp_molsimplify
613,2638ce36ff36f90690fbb4cdb2e470379f756750,hjkgrp_molsimplify
614,263f06fdfc1632a8d2f27d5aff3c8703d36c4419,hjkgrp_molsimplify
615,2646cb6eb4f4f94ed189ece936e60124a8a2ef92,hjkgrp_molsimplify
616,264e4832d9e13f1a84cf06e566796bd40213745d,hjkgrp_molsimplify
617,2650c63dc07e6bd0dbce3cfe23149fd59a5a527c,hjkgrp_molsimplify
618,26786d9ef5cd5081e9754e731e4bbfc9e9d65f97,hjkgrp_molsimplify
619,268087b0153568140a540c20c06620c81e5cf806,hjkgrp_molsimplify
620,26896b207efa8c08c378809b8337deaee707e58b,hjkgrp_molsimplify
621,268f6b07f2bc52ece492e0048780a69da076f4ec,hjkgrp_molsimplify
622,2690fb8212b0c2ac94a78d071d8b2a0ecc7c8eca,hjkgrp_molsimplify
623,269f3194a144f39dcf81bf5be4015a7308fec587,hjkgrp_molsimplify
624,26a5e0497086431182ae9f10e3a6bcc7a983d1a6,hjkgrp_molsimplify
625,26ee4eb2a186e1016df1534b9dbf34f749b0f5f0,hjkgrp_molsimplify
626,26f77d1e19dfdf9c335cd9fd306b20e1b3909a1b,hjkgrp_molsimplify
627,26fe9ef8e44c6f8534e3f0c3cd2ccdcf802042ef,hjkgrp_molsimplify
628,2705ddb0c629d0f5af5332afbf466c784b5a40bf,hjkgrp_molsimplify
629,2716b72f570b6154436f49ac4f92bd2d8092db92,hjkgrp_molsimplify
630,27210337d999ca1bc0b415c32d4bbe4139c92772,hjkgrp_molsimplify
631,2727fc3d1592c2e22a9794d84ae1f7451b11b538,hjkgrp_molsimplify
632,274a3f734eafead24d13d21e2371e7589030b384,hjkgrp_molsimplify
633,274d5fa300fe2faa0155931ef088b139b84761e9,hjkgrp_molsimplify
634,277aaab3c999be7de897afb47f76fb12972bfe6e,hjkgrp_molsimplify
635,278045b20b8091b7cfe7044a7e5d5cbe271b8438,hjkgrp_molsimplify
636,27884163bfbb172a60bb86b99cd4c5c4a92d6da0,hjkgrp_molsimplify
637,27a4ef6a21888050f5c618a68a3aba4a63e20bd0,hjkgrp_molsimplify
638,27a73e5f829d06f777a7699fbca4aa598b63a8a8,hjkgrp_molsimplify
639,27b4f0ad0dc618831f077e6d7c547de256140f34,hjkgrp_molsimplify
640,27e2d962961d70f5505da853dcd3f6758c742172,hjkgrp_molsimplify
641,27e5d0c60a3b619600e72bfca80f2be1f5f44848,hjkgrp_molsimplify
642,28036a03eb91ef6f9eccdc98800b28761b3147ed,hjkgrp_molsimplify
643,283dac9f614a8f5f3a96eadafa579e9735292dc4,hjkgrp_molsimplify
644,2841caf93fa2b945aae4c2c188cdcaf4a11154c4,hjkgrp_molsimplify
645,284906afffcef27ab233f52abe96cdaafefe2f74,hjkgrp_molsimplify
646,285533ec762675d1a8bc61c957ea7399d3fc371a,hjkgrp_molsimplify
647,2859a6c9e378c2516e980f330def8dd7d2f24908,hjkgrp_molsimplify
648,285d3317b4ef5cd220fce44eba493dee8667053e,hjkgrp_molsimplify
649,285eee12675e3dd432b9adde3e4d44f75168a336,hjkgrp_molsimplify
650,28763c692fb7caf50bbe9e14122f68718f4b05fd,hjkgrp_molsimplify
651,288265f9693f2c0716e556bb037b7536cfd919b7,hjkgrp_molsimplify
652,28dcb88d45036d2ce83b1a9f37bb46f7235fa9aa,hjkgrp_molsimplify
653,28e90066af0ea04dd18e391145568730c2858441,hjkgrp_molsimplify
654,28eeff2bd26dafc2cca83d35a1fd927844b6b023,hjkgrp_molsimplify
655,28f2532accc36860d8f18c02de323a53e5ecc56a,hjkgrp_molsimplify
656,28fb2c91b60803f5ff19096edebbc136c4d28533,hjkgrp_molsimplify
657,29075208c004db4e24436b53e8baf70cf7429c6c,hjkgrp_molsimplify
658,2910da006cb2387fd10ab095040c17b2d37c1e09,hjkgrp_molsimplify
659,2912003e80f44b2ddc0c8d9d4885c45d74e0bb0f,hjkgrp_molsimplify
660,29152a4ee3d14eeefbfbde8f39ee878037aaeb3c,hjkgrp_molsimplify
661,2920681ba657ae33e525bf3f41a34b90df52c993,hjkgrp_molsimplify
662,29219410f91e4f18d41cec2140410587e5550158,hjkgrp_molsimplify
663,292cc44a40b3707e370c9625631ab610f8589ce8,hjkgrp_molsimplify
664,2932e5c1834452181d61b81d2a0454f9d1e2ffab,hjkgrp_molsimplify
665,2959f9078c10fae66e76b53d774ec7cc7b85b9e0,hjkgrp_molsimplify
666,29687947b0d368e0959746ae1a3f7744760ec2d8,hjkgrp_molsimplify
667,297cc9b320274d688ec24e41cd01f839cb0d8d77,hjkgrp_molsimplify
668,29889d318c8ecd679466f0421033b88bacbde5cf,hjkgrp_molsimplify
669,298c125cfbfa4b64f526f9049a42418c3d337764,hjkgrp_molsimplify
670,29b500fb46e0e1fb4b59201674b9edd512caeabb,hjkgrp_molsimplify
671,29bbb6fed598a874dffb091db2891d2efbcb3c0f,hjkgrp_molsimplify
672,29c3abbdc0b529cab9be968d1b9f05c1edde1b3f,hjkgrp_molsimplify
673,29c549fd73a31f6905e9295bece0b6fb58830e8d,hjkgrp_molsimplify
674,29ca49f3211c563fb1ac0982b6bfc41e94ab2107,hjkgrp_molsimplify
675,29d08233f6c1e281b850848ba84477ecdacae07c,hjkgrp_molsimplify
676,29d0fb8f59bc910e75cb68e21c8ce0675d3c3853,hjkgrp_molsimplify
677,29d4c508bd50dfe25e3643fdd36c7173e2752efe,hjkgrp_molsimplify
678,29daa05a442ee4e13097b47325184c819d6373eb,hjkgrp_molsimplify
679,29f96af1ca04ef745e1e5e10793bccf3db76fdf3,hjkgrp_molsimplify
680,29fb89a21bcfb6b7180c81cce19fcaf9ab99464f,hjkgrp_molsimplify
681,2a03994a11efd0aa94f30ed958236e83b67e5a8f,hjkgrp_molsimplify
682,2a176daa8849b3d8a1a35a99067ddb0ff21a0cbc,hjkgrp_molsimplify
683,2a2931f1d00bcc5c1cec8762617d65c59eaa8491,hjkgrp_molsimplify
684,2a4393d5d82a7ba8dbb6f87770bcf8af2d5ada6e,hjkgrp_molsimplify
685,2a462a3c666915aa1982d3bed02d248a42d212ed,hjkgrp_molsimplify
686,2a4b2cb515e6f0ab3419c1531f0ce0f4c8418c8f,hjkgrp_molsimplify
687,2a4b84bf8937e19aebf3f4c37f5be713240e891c,hjkgrp_molsimplify
688,2a54188c50280a3db85d7d021d79991939f4a570,hjkgrp_molsimplify
689,2a5dc665d3bdbec989293bf7657763912c13a7a9,hjkgrp_molsimplify
690,2a69150a460cf53d4f0f2eaaf3f2d925b41b279c,hjkgrp_molsimplify
691,2a781ee070a3eba09ccc1be4fb34023d0dd2ced2,hjkgrp_molsimplify
692,2a7b896a8e0d3ede60d0e7cfb8f166c8de3340e1,hjkgrp_molsimplify
693,2a855f8945aad0c2f63b96769c2a6d6c8d2d8bc8,hjkgrp_molsimplify
694,2a88e573068b09a59e9c7b8a79793982f22cb0cb,hjkgrp_molsimplify
695,2ab660f11ef02bb8124b549adb236cebeadfbe56,hjkgrp_molsimplify
696,2ac3399b7493f0c045df5b603771ca581e7f7e2e,hjkgrp_molsimplify
697,2ac8721463a4e880ef3a298cba925b0f844c8dfe,hjkgrp_molsimplify
698,2ad201079b468a9186a3617a3acc2cd2ae3949a2,hjkgrp_molsimplify
699,2ad2f02491cdd83f1fe820c385e8a83c4122f3fc,hjkgrp_molsimplify
700,2ada4a0dd4d4fe2b879bf4feecaf641dc2c83f67,hjkgrp_molsimplify
701,2ae3796e21015a0c174bd1a79f2c531953c4be60,hjkgrp_molsimplify
702,2ae3f232d9c882803a5716613e76bcbb3668cb42,hjkgrp_molsimplify
703,2aefe74d13c3987d05d82297ea9645b59689087d,hjkgrp_molsimplify
704,2b18dd3c546caf20b7a74656e31f0e95615f8d2f,hjkgrp_molsimplify
705,2b1ba0f84f1a1867866d5d4747fa1d5fd8952869,hjkgrp_molsimplify
706,2b5412ca10d862337378c9de8399c458c5125377,hjkgrp_molsimplify
707,2b60ea10ef4d99bd13aa660c98e5d7e42e852652,hjkgrp_molsimplify
708,2b624f78565f34fdc9a6791e087280c4eeacf844,hjkgrp_molsimplify
709,2b9452daf52185d8391e00bb98fb6bafe7d7df92,hjkgrp_molsimplify
710,2bdd789626b1f732e08a60ef90ec65114561ff72,hjkgrp_molsimplify
711,2be560f012994b69bc820f1bd10cdea7b2d12d11,hjkgrp_molsimplify
712,2beba1516950bf3abe30121a2e8409b153f8a821,hjkgrp_molsimplify
713,2bf9fa9d6988d4a6a40132cb5619aca830579116,hjkgrp_molsimplify
714,2c016006a2ee12545c9bb81012b3b8fedc6060e5,hjkgrp_molsimplify
715,2c0948de2033ab473a751c00bb0ded256914976a,hjkgrp_molsimplify
716,2c0b45ff4b6fd608f3ae4771cf754ac89a4f7fec,hjkgrp_molsimplify
717,2c137f2933c79d94dde2bffad2fc2c33e5d509a7,hjkgrp_molsimplify
718,2c149c3ee4d65acfff70ab36aa0a6867e1019e81,hjkgrp_molsimplify
719,2c1d616893347abc669090ac9588021539367279,hjkgrp_molsimplify
720,2c2477c9a093d70d2195d133d6f13ff98adeca6c,hjkgrp_molsimplify
721,2c4ab6c78c39c2d0ddf845f6ff41679153b84a09,hjkgrp_molsimplify
722,2c6b4e0ff9c93dd11535ac730bdb76f365b0af30,hjkgrp_molsimplify
723,2c772eb8e80caf102357253a8b58f60f6a3918b3,hjkgrp_molsimplify
724,2c971050a682ef42f526106d52db9d29b68151e8,hjkgrp_molsimplify
725,2c9d250d9e2439d319129f5596d89e91675d6301,hjkgrp_molsimplify
726,2ca45c8b9d7c11c50a92e1c039433a307b5683c1,hjkgrp_molsimplify
727,2cb6391995330343107b59a6dfe90cf16958dd26,hjkgrp_molsimplify
728,2cd72a84fa3ab787a1628e10ac6671bee1efea97,hjkgrp_molsimplify
729,2cee13d41c0ad7e9e5ad33409c0757f5d38aff0d,hjkgrp_molsimplify
730,2cee35d88f701d19b0bfba9909c3ba46c5ff403e,hjkgrp_molsimplify
731,2cfb2b46d8d087b86efb64dcfc68f2f25bc714ee,hjkgrp_molsimplify
732,2d143e496b497c6bd041bc9007fd68c239aec6a8,hjkgrp_molsimplify
733,2d15cb008fa9bbb061f5128b63baf9d89f496da7,hjkgrp_molsimplify
734,2d250311d789573bed0835c0af68a25e45ad7abb,hjkgrp_molsimplify
735,2d46d63ce2ae040d2ab98b01045618ce656081c2,hjkgrp_molsimplify
736,2d64c12f7bec7bc98fb7b0a1d75f9798009c7214,hjkgrp_molsimplify
737,2d8bb2fd7a64f77cf7a19d9b761116daafd06a98,hjkgrp_molsimplify
738,2db45b2f9d0bc134a3fc78acfadf7723a93a7b55,hjkgrp_molsimplify
739,2dc00febea60f081feb82e409091d17515f9a156,hjkgrp_molsimplify
740,2dc6ffe1bdcf24883590d10aa84c929a005fff2d,hjkgrp_molsimplify
741,2dd0a950a0bb1a304f313231bdc5e6465f4e0df7,hjkgrp_molsimplify
742,2dd13bd43641ab55024b78d9fc567c06a3efebbe,hjkgrp_molsimplify
743,2de23711204207ffa827d8519ea232baaa8cf808,hjkgrp_molsimplify
744,2df8c34e187cf621c4fa668e666092f72009c463,hjkgrp_molsimplify
745,2e1ae17cc5e0ddb12c306a1d0396385fc7c861bd,hjkgrp_molsimplify
746,2e1c7236f0b3988cfa09bb51ff0df3b07dbbe7eb,hjkgrp_molsimplify
747,2e2313b49e3e4a98a0633202c8e7f83af41cf40e,hjkgrp_molsimplify
748,2e2cc17d20694e1cbc3f2197638727b614fdce6c,hjkgrp_molsimplify
749,2e35b23a52b0a2b8e8870cc1af4021e20e0b21bc,hjkgrp_molsimplify
750,2e3a384ae07116eb6e4259e36bac24f8a9d9e22e,hjkgrp_molsimplify
751,2e4e634ecd97e25c5580cdbb62d5853dd368a677,hjkgrp_molsimplify
752,2e539cca557a9ff3c6ed2ed490bbd4533deef8d4,hjkgrp_molsimplify
753,2e742ddb54dc533697a7332144b58f47983e0f8e,hjkgrp_molsimplify
754,2e940df9b93a0a4b6ee175698636e1d80fae4f76,hjkgrp_molsimplify
755,2e9848dbf7960baa54df2cf030862e08f4efc806,hjkgrp_molsimplify
756,2e9e2a6de0a3ecbdd6b0e979ac8c28ea67823522,hjkgrp_molsimplify
757,2ee220d2d8dbacdc49103b9a632d6501c4acc98b,hjkgrp_molsimplify
758,2ee563598e1337866c5e8025c8291d7f506bf4b9,hjkgrp_molsimplify
759,2eebd4d66e701508036fcb9c906d3617e3abfbde,hjkgrp_molsimplify
760,2ef8e5c6531f7dac9c893a1bb6c633a104a11feb,hjkgrp_molsimplify
761,2efdceec00a559a9ed01d008e1815f35c0d0a5c4,hjkgrp_molsimplify
762,2f02f5a10a3194ca311f797f9e9e3d9bbefedf4d,hjkgrp_molsimplify
763,2f16f1d9781fec0290946c5edbdfa245bc0d8445,hjkgrp_molsimplify
764,2f1e7d5fd239e9d0a76cb57211d0d8f7be950922,hjkgrp_molsimplify
765,2f3bf7dcf78b17c3ffbb2771b729c67ec68be09b,hjkgrp_molsimplify
766,2f411aaa1b727e840c94b600c2ded4f3a642f697,hjkgrp_molsimplify
767,2f548a4ad90401b27de8aa7b7f61792ef684be94,hjkgrp_molsimplify
768,2f5a65e5485252e0009f829cd99f9ffe01013352,hjkgrp_molsimplify
769,2f5b0df8113822870da1e5d06c5518d433e506fc,hjkgrp_molsimplify
770,2f6c2d837608e1b9bfde93af1b5b8d99c4f7f0e5,hjkgrp_molsimplify
771,2f86d8eac1a2f71927da366b3f48fe2d8406fd2c,hjkgrp_molsimplify
772,2f90dd61fc4656218e7a3f4d2176a561c3f23840,hjkgrp_molsimplify
773,2fa2ba67c27a911f58230d3a22b2f9878ccf9a4b,hjkgrp_molsimplify
774,2fb067947b25a9bcc5ada3e4a8ba1c87dcf6ae61,hjkgrp_molsimplify
775,2fbfd03183d0003d035698298bfc635a6b381d12,hjkgrp_molsimplify
776,2fc3a87c763c477ff931f101920cb84688a71b1c,hjkgrp_molsimplify
777,2fc943bce064da4a34db62e18183a4a72fc3592f,hjkgrp_molsimplify
778,2fd610dd9a2b9c6d4060156df0f71a45f8750ad0,hjkgrp_molsimplify
779,2fdb245137ac454e45cfb86c6114ce35628ce3b9,hjkgrp_molsimplify
780,2fde30e7e18da0b14b631e3d2c42401988980fe6,hjkgrp_molsimplify
781,2fe7b2b3e174c0162e317c4ba20e5ee098234ff3,hjkgrp_molsimplify
782,2fe91a16d8f494088f5f3220904acdd57038d3ab,hjkgrp_molsimplify
783,2feaa7c6811d406ac99984cb3263c953b53f5c3e,hjkgrp_molsimplify
784,2ff4cb35a5190f5a75e89da90b57117d6169c073,hjkgrp_molsimplify
785,2ff74a9def6a48287e4a484dd0daac33d44b58c2,hjkgrp_molsimplify
786,2ff7aaacafee6179b35c8272cc894896d3050c66,hjkgrp_molsimplify
787,301b530f8b94eee6a8ba10c6a9935994a44c0318,hjkgrp_molsimplify
788,30245c660a948d074fc813a81e6b4dd90e908151,hjkgrp_molsimplify
789,305117de79d9a3511ac10942906be031e0c1888c,hjkgrp_molsimplify
790,305321b483b518e03cb63c806c9054750dcdca1b,hjkgrp_molsimplify
791,30595cd36ed4355173e11ec48f6a980e11618017,hjkgrp_molsimplify
792,306414c633d4ec3c199b1022fa9d42432ac08a9f,hjkgrp_molsimplify
793,30816454c5dd1237ecae78d6678f01d6494ee7d7,hjkgrp_molsimplify
794,3099d33a693cb7fd8d39673d9fb7c720bc607716,hjkgrp_molsimplify
795,309bcfba9bcd0d0d88a1dd0b7e19954a6efde947,hjkgrp_molsimplify
796,30cf38fef607e885cbb56b2efa97b2a06394baa5,hjkgrp_molsimplify
797,30e533736dd05b1ac48af6451b84f563dbf61962,hjkgrp_molsimplify
798,30e9de485bc2b49c591827289d5f5e3e569b43c6,hjkgrp_molsimplify
799,30ebe9f9415797a8a96fbdb8b292505f7c312387,hjkgrp_molsimplify
800,30ee18b45e12d40d179389fd9bf168b01e281669,hjkgrp_molsimplify
801,3103a1c823b2bf894dbd14c2ff375810576a0435,hjkgrp_molsimplify
802,31197f776b60ce731f82d2a873132e9d646242ec,hjkgrp_molsimplify
803,3131c4fa1f00382a020e171a602c6a273b5156cd,hjkgrp_molsimplify
804,3137cf919cb9591a3cc0a2ae074841ecc11cc88e,hjkgrp_molsimplify
805,313b66474b4444d7ca58a7e52fd91687cabcb623,hjkgrp_molsimplify
806,31441c534194d4c4479883abaf0fb1d30cd43f61,hjkgrp_molsimplify
807,31492e55dce0bab06483419cbab3a4aa3772850e,hjkgrp_molsimplify
808,314ab3747ab9b04573e0e27f3ffe26b2dbeb9d48,hjkgrp_molsimplify
809,3164e84300f99577420bc9918d639bec155481ed,hjkgrp_molsimplify
810,317d394fa2d60dd6f3458288c43d456368ba8d58,hjkgrp_molsimplify
811,31ae03eec6eaa1d3d7946f6413d756051f8feea5,hjkgrp_molsimplify
812,31b2d04f6292ef949e3381f4b142ccd332b00b39,hjkgrp_molsimplify
813,31b899896d82fe9927a3f157eb5ee2f7b5f658ed,hjkgrp_molsimplify
814,31c0ec3374870f9b22383a835ddd78ba5909fcb0,hjkgrp_molsimplify
815,31d50ec072a2dc4ab2d71e3f00dfb788d4b3aa8b,hjkgrp_molsimplify
816,31dadad93afc22d1a36960a0b026832bfe8ee114,hjkgrp_molsimplify
817,31feef9dcde7de525dc953d8f840b837bba3ce33,hjkgrp_molsimplify
818,320e39c0b2e3a4fd1e4a213bc95e0db83428dfb6,hjkgrp_molsimplify
819,321543a73e77d2b1ea0abd908dcff36a85f98fa9,hjkgrp_molsimplify
820,321fbab25603413ad4919c2be4e2db9135ebd5e0,hjkgrp_molsimplify
821,323300f3be27859763ee0f461d4abc6d7175d8db,hjkgrp_molsimplify
822,323b6583b96059c9d8d973bdc4b99cf7622f35bc,hjkgrp_molsimplify
823,324596dac4714c0aba7ebdde3a52bd10385a71b7,hjkgrp_molsimplify
824,324fb900651ad1ff0cc14ee69922c9af232ef178,hjkgrp_molsimplify
825,325859956e1e7839419c9a55319dc0c43a97ebe3,hjkgrp_molsimplify
826,32620a47e63a78f430e0766723f6bd874d18175b,hjkgrp_molsimplify
827,3270cec0920eab2439fb6532f813b31122a6dd0c,hjkgrp_molsimplify
828,327bd81353a013490b733864232e6db34fe08e80,hjkgrp_molsimplify
829,32be39db3fe4abf3301788ff88ae3828b93b0f13,hjkgrp_molsimplify
830,330818d990285f5d7b04c81abad3090ed2211ed2,hjkgrp_molsimplify
831,3325b316a75157cef9ea63cf506cfbb881df119a,hjkgrp_molsimplify
832,332d1d13dee6fa19f99a35615c0ba553d1834905,hjkgrp_molsimplify
833,334656515c8efbd0d2549443c7885941ba2be133,hjkgrp_molsimplify
834,335a0e8727dc24da6bd91169dd8944416bd56fdf,hjkgrp_molsimplify
835,335d07a1963fa40fb00ab9172c10b64452728885,hjkgrp_molsimplify
836,33a0cff601c2a6c012a926a1f3213937de968ed7,hjkgrp_molsimplify
837,33c12a91a6ec759f36706951297601fafafae202,hjkgrp_molsimplify
838,33c9e684ec2427e3b8c8ebe1416f80e15b06f71a,hjkgrp_molsimplify
839,33cccf7aaf2aa921c4199d21d1b0be5361947e5b,hjkgrp_molsimplify
840,33cf1ac1f0182fb83aafa5ccff212df76e8e37b8,hjkgrp_molsimplify
841,33d2610d7370051d2c7f68cd5825d296851c7654,hjkgrp_molsimplify
842,33d53a950120c7b002e604947f06e204345dd484,hjkgrp_molsimplify
843,33e4f88379531655514d80f1df96bc0e9dce07ea,hjkgrp_molsimplify
844,33ec1288d2ce6792b300d805f2faec190408b232,hjkgrp_molsimplify
845,33ed6b35777d026312d02a4d551ec5facd357b69,hjkgrp_molsimplify
846,34112a22668eb46cd811958c348df601e8d3cf05,hjkgrp_molsimplify
847,3422385542a2fc6dce922e3912410f5f6b2d497d,hjkgrp_molsimplify
848,34343dad416e13ae2fff7050bcbcc6cc39f7dd2c,hjkgrp_molsimplify
849,345421b12ebdf347209a2cb626ec4a2e20b0298d,hjkgrp_molsimplify
850,345c1ff078dd7964b43ac823d0cbd25351bcdde9,hjkgrp_molsimplify
851,3471691a4ab7dde4957c3546e9cd4e05de2a39a8,hjkgrp_molsimplify
852,348298120b67ffac59e4072d3e0fc2fbbabbf0c1,hjkgrp_molsimplify
853,3484b285e9e01b6757cfbedc0ecabb80b4aa9064,hjkgrp_molsimplify
854,349d022265daf2959e20f80cd569e73bd9cacac2,hjkgrp_molsimplify
855,34a52d67916d8025f0a6dbf0d62077fa3be020d3,hjkgrp_molsimplify
856,34b767bfef557f5225922e1e11d9697d4cb8554d,hjkgrp_molsimplify
857,34b7f9ae8df8f2f79f438876056d89b0c385ad70,hjkgrp_molsimplify
858,34bc81b12d0b7ddd237db3dad1836e3571699822,hjkgrp_molsimplify
859,34c750567a15f5bcbfce708010c2852cdd16d376,hjkgrp_molsimplify
860,34ec799c1f2be984cb14331624de28002cce53df,hjkgrp_molsimplify
861,34fb8771b99101e57685337d8903ee2c2d7398b7,hjkgrp_molsimplify
862,350a7227417de6e11635f92d2fc88691ca14a8d3,hjkgrp_molsimplify
863,35263be2fbeaff71504e9dbf54d942a0b3a846bb,hjkgrp_molsimplify
864,3538a5f0a05e2fd0e3b2782100f6aeb8b1358db5,hjkgrp_molsimplify
865,355506636c51f590d31253311cda6896ac518374,hjkgrp_molsimplify
866,3559035779e10d1a118c06c23252aa03a3d02da2,hjkgrp_molsimplify
867,35714b8ae181b1d74825dd020175a03c9059841a,hjkgrp_molsimplify
868,35a0a5f65d49ffb7bd801f096e3981df02db042c,hjkgrp_molsimplify
869,35ab8faf8d92b957f902ddcfabe83d26a848bfb0,hjkgrp_molsimplify
870,35c01cad31dc4e4b64a8f8ad766be1bcfc235878,hjkgrp_molsimplify
871,35c3ad488afc5c8be7ccb56b3dd4606533021534,hjkgrp_molsimplify
872,35d81db626fba23dbcc493b73a724df0155b9e50,hjkgrp_molsimplify
873,35db1b14c40a801db032baed0b51f469e1d6adb0,hjkgrp_molsimplify
874,35e1d2ae6c4b848ec509427860e9508c835ce5ac,hjkgrp_molsimplify
875,35fd3b2403dff16dfcf8702d09053311de268897,hjkgrp_molsimplify
876,360932fc4a98e9f7edf9f50ca29167acc2901c01,hjkgrp_molsimplify
877,360d53282153c2e67993fe4e302e545dec02b16c,hjkgrp_molsimplify
878,3612adfc91ed8f25f786726ca78128de203bd6ac,hjkgrp_molsimplify
879,361776aeb1ead1a5de5036dce24fb53e7f073e51,hjkgrp_molsimplify
880,363679c9248829970cd95e73b4dae733d2c2dd0d,hjkgrp_molsimplify
881,365208c6b9ac25feb73aa89fa9c0b7ac179d388e,hjkgrp_molsimplify
882,365509baf31764445a81089c6272917faeccb611,hjkgrp_molsimplify
883,365e6eb967f86e7843974edd2dd3b74dcac5c04f,hjkgrp_molsimplify
884,369c8b11803ea1b37d13910cc86b38e26e217d99,hjkgrp_molsimplify
885,36a0e064e6e0641da237a47639ba0c6c447ebdf9,hjkgrp_molsimplify
886,36a6cc2daa4444368c55639d325c787837bee869,hjkgrp_molsimplify
887,36ad4b0d405e0abc9fd466be3bcd720d6d7509c3,hjkgrp_molsimplify
888,36b21a31d320d0dcc98f1e953312e6bc8ca797ee,hjkgrp_molsimplify
889,36ba5b54b8d64292b02cc8af58f3948e32bb829e,hjkgrp_molsimplify
890,36c522683b982e82f6b0ff3622c91ca22324a911,hjkgrp_molsimplify
891,36e397c2c46f263d808e3621265bc64221d50eca,hjkgrp_molsimplify
892,36fa355c7d35b803197163061bab386994e00fae,hjkgrp_molsimplify
893,370dc54d7540142957e390ee540f101f6a7297d1,hjkgrp_molsimplify
894,3710d48b9caa46630151ec49891f36defb836c9e,hjkgrp_molsimplify
895,37182191802f4c08e61f4c2b23f14e1f324fe3ee,hjkgrp_molsimplify
896,37337b520dad8247728a43cf777a09e9fe9c092c,hjkgrp_molsimplify
897,3748df009ed4a6b60d9a9253a7726cd4ea3f5816,hjkgrp_molsimplify
898,374c9d0a603502dd4f79db4f0dac5a896f9b7f4d,hjkgrp_molsimplify
899,37683c854069879e9fe9b4d43a019d00e9237d81,hjkgrp_molsimplify
900,379ee891560fdf96a316464512e2d359c1896d8d,hjkgrp_molsimplify
901,37bcc0f70eb32bff87c4fb694090c3a89babcc18,hjkgrp_molsimplify
902,37c3f450cb13aacbfc3100c0d44cb630ed241816,hjkgrp_molsimplify
903,37ed18a0a8d1da3216f8500688345997731c8034,hjkgrp_molsimplify
904,383dcb75adee3518d722dc09b5c0024c5b5f63d2,hjkgrp_molsimplify
905,384941d096e39c1d6488491c7a6b65111c2657cf,hjkgrp_molsimplify
906,3880cdf7d3200d2eaa5486e0822a13c095784b7f,hjkgrp_molsimplify
907,3898f46cf815fc813860c8fa254ec9eb92c6e06b,hjkgrp_molsimplify
908,38b467376dc5223f81242367320c0dfc267fda32,hjkgrp_molsimplify
909,38f385fde7e39617318c960cab6655ed8d82f52e,hjkgrp_molsimplify
910,391d51c7e659de482f1b5f50546c67250530488a,hjkgrp_molsimplify
911,391f443e1ff62ba7d3f29938c789aeeea27a0163,hjkgrp_molsimplify
912,3923788d1e8e65ea890c02506e2eb9e825d2f457,hjkgrp_molsimplify
913,395e594ad218274c358e0076e3a983af57789d31,hjkgrp_molsimplify
914,3988956e331a266c45df215aaea458fa99425545,hjkgrp_molsimplify
915,398a84014f378c44ae2d2b4e6246941c1ad35065,hjkgrp_molsimplify
916,3991edd81f6f5c4d8b2448bcdb06113f0d91d2b9,hjkgrp_molsimplify
917,39b43563c88fa9357e6182852e8c0466ce51fd24,hjkgrp_molsimplify
918,39bc824824cb170a2390274440a194794000b21a,hjkgrp_molsimplify
919,39da17e1e00f1e8a646f7188b88e0658b302379a,hjkgrp_molsimplify
920,3a069566b6eacb6d7594f04eb86a04259761b3ef,hjkgrp_molsimplify
921,3a16866c436681b642a6f10081b9d2057894c920,hjkgrp_molsimplify
922,3a22984ded85fbc98b5883422489b99f21c2bde8,hjkgrp_molsimplify
923,3a28da32f3938d9cd2ecaa2fa9a2ff839a91f418,hjkgrp_molsimplify
924,3a2ee5d2e6dcd9b674f723e8933034dc23bb6cfe,hjkgrp_molsimplify
925,3a3864c9b5d37908ef93d62cb5e5b6692f9519f3,hjkgrp_molsimplify
926,3a4b565a78f7df33fa12ab1fe125f299d46d8aa2,hjkgrp_molsimplify
927,3a5f892b8938beb2a3c9ddcde04e539fa75515ab,hjkgrp_molsimplify
928,3a68955aab3a19f83e03ed04e5fb14d6208a44b6,hjkgrp_molsimplify
929,3a6cf45e7bec0bcc3b441628e481367c74521284,hjkgrp_molsimplify
930,3a88576cc3eb3062ae9a63d1e775e4df1da28215,hjkgrp_molsimplify
931,3aa151515d500b6783551ee10ec1bbfc4f3fb883,hjkgrp_molsimplify
932,3abe7394495a400737acb35d39bc02d395fbd9b6,hjkgrp_molsimplify
933,3ad9ef912e313c512c8111ef6b2ca2f396778fbf,hjkgrp_molsimplify
934,3ae0de53c43d0b287e3235b6ef4d1b4f68928b2f,hjkgrp_molsimplify
935,3ae9f04b67887413d6dd708e93bdf462c2138543,hjkgrp_molsimplify
936,3af807b1ba6101393324a5ab51ceb936d67943c0,hjkgrp_molsimplify
937,3b2f7afe93b72ad29995ffd50dd651546ea3f845,hjkgrp_molsimplify
938,3b340de18625bd5002257735474ca6404ef97b4a,hjkgrp_molsimplify
939,3b359f87cb3dc423bcf0a596a41f196360bf239d,hjkgrp_molsimplify
940,3b39d05c7ac6d1fbb54114f80a2924ddb8fffa64,hjkgrp_molsimplify
941,3b3a6704c948383628f6eca728c12b07ef82e5f6,hjkgrp_molsimplify
942,3b65c34f1004923ad0784020964334c8fefb533a,hjkgrp_molsimplify
943,3b6622515239cffab54a30d6f12af8bfce546baf,hjkgrp_molsimplify
944,3b7dcdd61e85e89929169eeb93296c91ecc5e1f9,hjkgrp_molsimplify
945,3b895c998e5a0f49e7c80fecc51b941bdaeedc01,hjkgrp_molsimplify
946,3b96b69a0e8841ed8a848d7ca7725ad137b27fa2,hjkgrp_molsimplify
947,3b9e1ec53d916e96dc0ae650d94c8dcd5706993f,hjkgrp_molsimplify
948,3ba569c9b83394604c521c9d45e2838f520f714a,hjkgrp_molsimplify
949,3bb1a0d47d285aecd0c942eb520462692cf872f4,hjkgrp_molsimplify
950,3c06510db814f171431de945a48859a52fc6f916,hjkgrp_molsimplify
951,3c0e57ff8171e3219a6804000961c7e75e956386,hjkgrp_molsimplify
952,3c1cc002b566dc7402f85f23e9e1fbb43997f4ae,hjkgrp_molsimplify
953,3c21aed4bd7df4924d7645778a49d96817145315,hjkgrp_molsimplify
954,3c47a2d09419391254a47c5504cf11b740969be4,hjkgrp_molsimplify
955,3c6877c111bb81328a0c7cec8d44bdd7b47ebc70,hjkgrp_molsimplify
956,3c86b72d8a74c9576c3c6bd1ff633f3136d55378,hjkgrp_molsimplify
957,3ca431ad346ace9240eee89ec6140e791e30843c,hjkgrp_molsimplify
958,3cb764e3db7859d1567aba55b72355c2a2f94d6b,hjkgrp_molsimplify
959,3cc971c6bae5f7838b47c54f71e10d3e71d9c235,hjkgrp_molsimplify
960,3cdbec75dec69be772d893dbed8acd3ee07075ff,hjkgrp_molsimplify
961,3ce0cb0281881c880829d4f5d61ca9349bc811fe,hjkgrp_molsimplify
962,3cedcb89ffeff7e55d7dfc3a4f040d40fa81817a,hjkgrp_molsimplify
963,3cef8e014e57857c2c3a2bfe6e0a9345b9df9b50,hjkgrp_molsimplify
964,3cfbb95f607734942650bcca5ea227652dc24bd3,hjkgrp_molsimplify
965,3d0a6b649bbe13d43cc731fd542a05a3b096512e,hjkgrp_molsimplify
966,3d0aae79df56407dde535a9cacd935b743fbc200,hjkgrp_molsimplify
967,3d0d8f72ea7eacd642707df6ed66914b7ce357c3,hjkgrp_molsimplify
968,3d0e14370f0579170ca280b88d53a829e40a381f,hjkgrp_molsimplify
969,3d16b31d19e44ef53e59f8b93d985d932c980c26,hjkgrp_molsimplify
970,3d21d04c2c7535f649ba463f2c89a43bc575c4fd,hjkgrp_molsimplify
971,3d3cba82bb0a628bc00051b3252c671f0f89d14c,hjkgrp_molsimplify
972,3d403a282df48ba97ab2b2bf28696dbd655bc59c,hjkgrp_molsimplify
973,3d77be4d27f6e68d21c5a27d8b2aa2d5cf8e9efd,hjkgrp_molsimplify
974,3d788a8d0503c006a65844c920f189f0fcab7f0b,hjkgrp_molsimplify
975,3d7bab961e08820bc259367504f631e8125b5fc9,hjkgrp_molsimplify
976,3d84c52fc535aa58cffa69056abc36023e79144c,hjkgrp_molsimplify
977,3d9013deb44749cc0e8119371567336b124805b6,hjkgrp_molsimplify
978,3d9200c617aa343c204efa300b3d1b4418f40514,hjkgrp_molsimplify
979,3dbd115affa93b4b957f08babf1a4b9411d39cce,hjkgrp_molsimplify
980,3dc741ad45930152ff38fc92284a42fe5f4ca56c,hjkgrp_molsimplify
981,3dd0942f8e5164701699b28c696243320d3590bf,hjkgrp_molsimplify
982,3ddeb45e2f86566fa07f2288a77f3bff2174269d,hjkgrp_molsimplify
983,3de0cf0bb9aa99fd1839978ecd6086868da3cbad,hjkgrp_molsimplify
984,3de212d6fb881b46696a72068f50052f8dfa9e52,hjkgrp_molsimplify
985,3de47f72b9c1d573abea73855eeb15d05750a006,hjkgrp_molsimplify
986,3dee472d6f01ba12559dfc2752fc07270de772d5,hjkgrp_molsimplify
987,3df35d970c2007bc50cfd99241f29aa765434347,hjkgrp_molsimplify
988,3e01df36867d166220e37d94770067ee26a64c20,hjkgrp_molsimplify
989,3e21c7de8f5d985d468e098a50a7d6e1a7ff45af,hjkgrp_molsimplify
990,3e28432f3e681f770c9787f51915031fc85f4275,hjkgrp_molsimplify
991,3e2a1405c5a3d5eb562de56c1c4c5b44370838e7,hjkgrp_molsimplify
992,3e2d089c6cee9374b3d00ac446b7baad431e992b,hjkgrp_molsimplify
993,3e2f16c48f338ac93b2ff32aeab5ec4a6869544a,hjkgrp_molsimplify
994,3e3f28e754ec3331b65cc3c7ae0f7ad5f62fe440,hjkgrp_molsimplify
995,3e5895a867870cc194ceadf6bfe25bd9174cf4e1,hjkgrp_molsimplify
996,3e67b3687940a8fe16dab29cb2136f3bce1d046f,hjkgrp_molsimplify
997,3e6ce9e44fbd01f7973ffd33147bc17031121a30,hjkgrp_molsimplify
998,3e80d5703637cc3a5ae5df12ac5b9cb0b790fb59,hjkgrp_molsimplify
999,3e8ffa2f7f3e0c85c2af19d50f6bddb0d0ede39d,hjkgrp_molsimplify
1000,3e94b51c4f9ca59ab22879f6c282e28a02b9f43e,hjkgrp_molsimplify
1001,3ebc1b9c70232a19f7c7488b2212e1fca5f4a99e,hjkgrp_molsimplify
1002,3ece4fb2da5b21537a7f090cf9029a08ee759e83,hjkgrp_molsimplify
1003,3ee88213452f5f99998a43f368766e2dc6c037ca,hjkgrp_molsimplify
1004,3ef7764a5695530c0cce75c88ace18db7b549171,hjkgrp_molsimplify
1005,3eff1d31d0e9dfe7e08f3c7873fdf92d763cea16,hjkgrp_molsimplify
1006,3f0c0e281bec92b0aaea0ec38f5c7e32243fff72,hjkgrp_molsimplify
1007,3f1111a1a8125cb275b78a2859009fdbc77c8f3f,hjkgrp_molsimplify
1008,3f257d6c57d1166af82faffbc6bd127612a5bd59,hjkgrp_molsimplify
1009,3f2f84a800aac01998929f772b50ecbe67c34717,hjkgrp_molsimplify
1010,3f398fdc514bac03df804159931fa04a8f7c0567,hjkgrp_molsimplify
1011,3f5b3b53f82e38a92b79bf2017925057812f683e,hjkgrp_molsimplify
1012,3f5d4c636e8fe768d4e5cb3d4e9f0ba968ea0212,hjkgrp_molsimplify
1013,3f732ba7df2b5a84d7a91e4f4f4060acd7a00ecb,hjkgrp_molsimplify
1014,3f84d571a700b58926f0d8ba6bada5cac3253676,hjkgrp_molsimplify
1015,3fa8e0b32ec5b5653012faac54c88097edbbd609,hjkgrp_molsimplify
1016,3fb4191dbdb39128cca3deb61aecaa2897b29e15,hjkgrp_molsimplify
1017,3fbfb24a37920bdb299040c7298fc30010041fef,hjkgrp_molsimplify
1018,3fc5d95b5000df50145b85f409e207718562325d,hjkgrp_molsimplify
1019,3fd1b4c697fa7940f358a43c1af4ffc4e8ef46f0,hjkgrp_molsimplify
1020,3fd9f4512a51e2802ba4b2ed22a1d657a4a50c8b,hjkgrp_molsimplify
1021,3fe4cb4186654e578744396371f19bc3243562e4,hjkgrp_molsimplify
1022,3ff3e10fdb86ddb739550ca85e7e1bfa64bf0783,hjkgrp_molsimplify
1023,3fff8600bd676319b4de2e3dfda77f7ca9bca439,hjkgrp_molsimplify
1024,40003097d0f77403ab5a24672ab14a0ff9e9bfce,hjkgrp_molsimplify
1025,4006a5e11516935f160902fe4b31138fc9724600,hjkgrp_molsimplify
1026,400988941785249b086e5f8166c94b0128b1edb4,hjkgrp_molsimplify
1027,400dde12688f5047578fbe4184e2bb092d2e6609,hjkgrp_molsimplify
1028,4017d8cf4d0bb9017b439d9cecff5b59f61ccda5,hjkgrp_molsimplify
1029,402c337c9fb4f0d14266b8fed92d76740c90099f,hjkgrp_molsimplify
1030,4042517ddf3cc461738a73b47df94dfdbdfad9c5,hjkgrp_molsimplify
1031,404b42b5b8ddf553e418a50b5751abe90bcee91a,hjkgrp_molsimplify
1032,4066d7abc3f1d31f6ed280b86a6304947dea1cb4,hjkgrp_molsimplify
1033,406a5d69da0cd301cbe88e1ac02d108905f02d45,hjkgrp_molsimplify
1034,4072ee80a7c8864917511a3b523adf74f269ddb3,hjkgrp_molsimplify
1035,407513a030bfae1b3a5bd7bb4983a938518fc6b8,hjkgrp_molsimplify
1036,4084de78c8d75a7dd6a289df80fd7a55bcad2721,hjkgrp_molsimplify
1037,408652cd70672bd440dfd9920e56bb2fac0aa6a4,hjkgrp_molsimplify
1038,409e053475f49867672b018c2ba902c613d1bf71,hjkgrp_molsimplify
1039,40a0d5d1c055ea26fe4fc595dc4db44ef5bf53f4,hjkgrp_molsimplify
1040,40a88c4df7f583a1e7f15ff5449692b36d4cfbd0,hjkgrp_molsimplify
1041,40aaf87340f6c858f1c19b88c498c37c9a0f6db1,hjkgrp_molsimplify
1042,40b9bce4e784fd5af8069a477df0010e0221f64d,hjkgrp_molsimplify
1043,40bc8554bb550008489b191ae9aa4aad0f47a055,hjkgrp_molsimplify
1044,40c39d85cfa421c396a73e25e4e7658b55ecba4f,hjkgrp_molsimplify
1045,40c75e55ede5c9cd65d39c78a64bfbf8176a7169,hjkgrp_molsimplify
1046,40c89b1a34288400e194ed958b0ab9042f6f071e,hjkgrp_molsimplify
1047,40f2307764b73de56d5affa93c2b5f880965cda3,hjkgrp_molsimplify
1048,4100bda60692e6e5df9417cc60ed04eaab7a7aca,hjkgrp_molsimplify
1049,4109af05c6508723caedc72424483a93bf9708b2,hjkgrp_molsimplify
1050,4109cff2b891bd4ff6e54c3519bffd105dc979e6,hjkgrp_molsimplify
1051,410bba19f7c6e274734b6c27d1e77a8ef6814fc4,hjkgrp_molsimplify
1052,414ae8108347d7719412a523836c6f0e3f3e8f1e,hjkgrp_molsimplify
1053,4152eac4b0f37f43387d889bd00d9ab4eee0687c,hjkgrp_molsimplify
1054,41575b7d9af121b10835101b18c3daed69ebcede,hjkgrp_molsimplify
1055,4163ca6f19102e7f98e0a1c521ec5d467920a271,hjkgrp_molsimplify
1056,41653e8603656f690281beb379da4b5a2faa99cb,hjkgrp_molsimplify
1057,41760aeef5340b2bf5016787851ffc4b145ade16,hjkgrp_molsimplify
1058,417d4ab3259ed1b2f72667857a663b96acbe324f,hjkgrp_molsimplify
1059,418f092b7aad9c80c9f291d87536f137fb12e5f4,hjkgrp_molsimplify
1060,418f79ce63e064b53f7051b48884ed5012a3f63d,hjkgrp_molsimplify
1061,41b7d682003a9e1b902e79fa019ee0c6f500840b,hjkgrp_molsimplify
1062,41dea2dabf6949c7fb376c2e4633dfdfce851849,hjkgrp_molsimplify
1063,41dfacaa1ea2bbec239f5cbc5ae474ffc181efac,hjkgrp_molsimplify
1064,41ef3414542dab774d160741a835ac28eb14a38d,hjkgrp_molsimplify
1065,41fa746edc00255d039e7250e95843d2c831117b,hjkgrp_molsimplify
1066,41feaaa6581afded46d471b9d25804ef0f1841b7,hjkgrp_molsimplify
1067,4200c4b0bde3c7c043da99c25a2e2efd11b8bd3f,hjkgrp_molsimplify
1068,42052c3b6a44b745a079cdfe4790120196020787,hjkgrp_molsimplify
1069,4207520c896a6cb7cbdc2c1fe971d6e4cf69a981,hjkgrp_molsimplify
1070,420f445a39687a96669478619f73c48bed2d7959,hjkgrp_molsimplify
1071,422440a7eb857a9f5444d8bee45b142ffb9b898f,hjkgrp_molsimplify
1072,4227b8f4c9eec717accb97455132da09e46d3b36,hjkgrp_molsimplify
1073,4260bb2d0ad677215e6bfec10d5c593b4730ac76,hjkgrp_molsimplify
1074,426650c72a7880115ddb8d0bee85865056398b45,hjkgrp_molsimplify
1075,427ed35e3649d22c636a55c2cd086e73610ef02d,hjkgrp_molsimplify
1076,4297163db5bdf7cc9e4c25f31abc1ef0cf7403b7,hjkgrp_molsimplify
1077,42b7053601d9756d22b784cb544e104a3cab5b0b,hjkgrp_molsimplify
1078,42bed143db068d60703b9ee17b0b5d7eaa14f42f,hjkgrp_molsimplify
1079,42d3a3a50f8a9d08a43e928febc2a18bda117330,hjkgrp_molsimplify
1080,42d551a1088ec9ece2b7ca1f7c7d61a4b30b822b,hjkgrp_molsimplify
1081,42e925a8e42a67daa24b060995e6052acb1703a4,hjkgrp_molsimplify
1082,42ec6dae03870912f54415109b7f3d7d1c2a3e27,hjkgrp_molsimplify
1083,432c873dbabe90383b9fb48edff2c964851977f7,hjkgrp_molsimplify
1084,432e3748843baaad473e5ebdb6c7f48e1529f7d1,hjkgrp_molsimplify
1085,432ee72e3ee16086aaee85c705135dd5633c224f,hjkgrp_molsimplify
1086,433c0533801cdbe5ba50c2753d3de07dee9d137b,hjkgrp_molsimplify
1087,4349979100102a86a3201a62cc615650d2e1669c,hjkgrp_molsimplify
1088,436042234903c16f9d90a2b72b205a3147f3fdf9,hjkgrp_molsimplify
1089,436c40d6febbd24a457216f239aed936e42501a0,hjkgrp_molsimplify
1090,4377342d6292d445886f6d8cec3725b81252f851,hjkgrp_molsimplify
1091,438e9fec3cc8c93113d0d920ffccce4fd2834d29,hjkgrp_molsimplify
1092,43a31b4390955276e62371561491852cb8e1e007,hjkgrp_molsimplify
1093,4403f3911990984dc665523eed448fac9676ddd4,hjkgrp_molsimplify
1094,4407e3f52f94f68f4b30b22eb0c40e6dc691cd50,hjkgrp_molsimplify
1095,44316a83306c64c727a1367d922df2a03d96e4c0,hjkgrp_molsimplify
1096,443819e5981a956580a370e65dc1e0ab20e6c623,hjkgrp_molsimplify
1097,443adbec4972747dbd94cdacedd8f402f8b0d067,hjkgrp_molsimplify
1098,443afc65dd5158c6ec4efe36d4f50e6dfdcc2f15,hjkgrp_molsimplify
1099,444ecdcaa7f3049fea8b3f0df3cf4dff30602f73,hjkgrp_molsimplify
1100,444f0309603f8eb5bb85d2a56af96817dca1c04f,hjkgrp_molsimplify
1101,4459a52559621c0d75b96695a4b17eee2941dfbc,hjkgrp_molsimplify
1102,4459a9079ee5ada32f042d8c39c62003060ee3f3,hjkgrp_molsimplify
1103,447fcbc838d0b3e03b780ab4c2001025649f4865,hjkgrp_molsimplify
1104,4481ae4c0074f8760006f1651d6f6a3641f73a3a,hjkgrp_molsimplify
1105,448240dc09c9ea0d0e7f52da20d862f1a9594164,hjkgrp_molsimplify
1106,44a5dc95328ab5306e40c9c8211aa428009d2b1a,hjkgrp_molsimplify
1107,44ad9288163191ad3a0263a17080081d9e8ae034,hjkgrp_molsimplify
1108,44b47ad6cb1b090f40308b4eab3ef6418168efad,hjkgrp_molsimplify
1109,44b6c896432f7a2ac8c8bc903025055e3dacff23,hjkgrp_molsimplify
1110,44c554edd29044b0b274f0a0b6feef200a3464c0,hjkgrp_molsimplify
1111,44d9830f3fa38f0561c177d74e9a1ed15cf64912,hjkgrp_molsimplify
1112,44e90bfb80e04d06aed6c6c9e3fc1fbf4bb08c53,hjkgrp_molsimplify
1113,44ea3bd0673ba65ec1568126619ea929c17321a6,hjkgrp_molsimplify
1114,44f0d1b81b9d1ec60a04cb98010d263d47b9c525,hjkgrp_molsimplify
1115,44f6db5f9d493ebc8e595a0b7c2b0cd565008bc5,hjkgrp_molsimplify
1116,44fc19afdc903c1394711aec439b4e8fd25d910d,hjkgrp_molsimplify
1117,44ff281317e5fe5914ef7eddc81261c1f19104ea,hjkgrp_molsimplify
1118,45031be86917b7d23a067aedc40b82d9343939ac,hjkgrp_molsimplify
1119,450c8dda39173e18bc51354f54700aaa604de31e,hjkgrp_molsimplify
1120,4528a42cb2e559a3f6c69df8d51773b134b86b82,hjkgrp_molsimplify
1121,453e121f6e5d8356dc6d90de84174c45ac403e4a,hjkgrp_molsimplify
1122,455d06f77425fc21a57a5d074e74339d65bed047,hjkgrp_molsimplify
1123,45653a1c5f315b8de538e08f490a9362270bc3e6,hjkgrp_molsimplify
1124,4575078fc3283bc5810df3d91dc8850fef3edaa7,hjkgrp_molsimplify
1125,45812f4352a9c55d9c86188f4e8bb162e349dc5d,hjkgrp_molsimplify
1126,458446f39039e0a1a493d2a9e7bf91651a5a6f75,hjkgrp_molsimplify
1127,4591d67f468aa8b4021e74a486b4364ac39edd1f,hjkgrp_molsimplify
1128,459d9edf14714fa1112dda2cbbf0dc849d4a5851,hjkgrp_molsimplify
1129,45b6329e5bcd4953e6cb0d3645407f009068a4cd,hjkgrp_molsimplify
1130,45d0a18a17b1afa9e969754075e059b159c125b3,hjkgrp_molsimplify
1131,45e30ca98df92b374e02f999860afc7c3f582870,hjkgrp_molsimplify
1132,45efd53f7b2892ce4a937b9d5383e064e4d0a989,hjkgrp_molsimplify
1133,45f0c3cb749cb3e94001f613720ef85075e717d5,hjkgrp_molsimplify
1134,460d6d99b7a996de1c13aa73eb611997e285dd57,hjkgrp_molsimplify
1135,461362b983f2637b13f59dbdedf867449c1bfd41,hjkgrp_molsimplify
1136,461fe0383af0c4b2ee51f81fefdca1a03beb17f9,hjkgrp_molsimplify
1137,46299a5e9bc469fc09e9787b853778d8bf78298f,hjkgrp_molsimplify
1138,46488280ae7c500b135137a45acdf4cdab220acb,hjkgrp_molsimplify
1139,46611c36643e67ccd39e1b540b011b99db8bb161,hjkgrp_molsimplify
1140,46787b4245bb788163447e6d9bd81af747a10476,hjkgrp_molsimplify
1141,4687a7f3a4680acc30b9d76e5703c2bfd257f429,hjkgrp_molsimplify
1142,46932fabb756d20fbd581dab20c00da92cccee1a,hjkgrp_molsimplify
1143,46abd16ff414df11fff9c5b18b6e762e01a38483,hjkgrp_molsimplify
1144,46df3c208d96e47014c2c9b578e04e15062d4e21,hjkgrp_molsimplify
1145,46df88bc947d2623a68d074aec174981606be208,hjkgrp_molsimplify
1146,46efdddcae445d216270833afa8b68d31a2afc54,hjkgrp_molsimplify
1147,46f6b6eb53dcb82b2066db1488e84644e57c8fbe,hjkgrp_molsimplify
1148,47075739d4199e6b9e7c278da7c54fdf22bc953f,hjkgrp_molsimplify
1149,47231bed8f7666177255964f881688b541b0dad4,hjkgrp_molsimplify
1150,4725eb96aea8881dc251452ea6f288a8a891a1a9,hjkgrp_molsimplify
1151,47281939092bbc661bd5750f7b9f986f2d6576e6,hjkgrp_molsimplify
1152,474eba90c9bb499e1d0e5f7a70de73421b614ba9,hjkgrp_molsimplify
1153,4751de279334e6c90b806b67be32311544dc1dbe,hjkgrp_molsimplify
1154,47545f6589670f4432149a62e8c6b8bb912268bf,hjkgrp_molsimplify
1155,475e805a30949d6943055b606aa7d5db81e8ccad,hjkgrp_molsimplify
1156,4771422cf5e97822e2ac9f468501718891a36685,hjkgrp_molsimplify
1157,4776829ff96d89a229a4fd225ec4011bf89a8cd1,hjkgrp_molsimplify
1158,477b53fc36e01b6c7941ff717538e072e49705e3,hjkgrp_molsimplify
1159,47968977fe1b0a544515f58f9bc31fc0d2cf4c3d,hjkgrp_molsimplify
1160,47a581041180df3ddb2065a87ec6efe800934585,hjkgrp_molsimplify
1161,47a8c8ad16057ef77fbeeac20576e7f8bb28f2c4,hjkgrp_molsimplify
1162,47aae5c8681f33cff5f216acd8977ab3df78f0f2,hjkgrp_molsimplify
1163,47b58f8c28f78cefa71e35c39c09aafdc88abda9,hjkgrp_molsimplify
1164,47b7ba96107adfebe37bd83cf8b66fb922af23a0,hjkgrp_molsimplify
1165,47bf830ef2fb438d369531088c3cc82ff0604a03,hjkgrp_molsimplify
1166,47d65f8e22da94cf670fdde926e4a24d0ec4b948,hjkgrp_molsimplify
1167,47ebcae1ac4994e80af4ffef1f571ad3e391e5af,hjkgrp_molsimplify
1168,47fa674991cf4c917f20da75fbd9238047b2ed62,hjkgrp_molsimplify
1169,47feda198740021c4d1fbd411f096e885d48310c,hjkgrp_molsimplify
1170,48035f43f1aee48f2192ef37b3e8a11ad0e95ecd,hjkgrp_molsimplify
1171,480493a1fe4a6b233b72ae0da55cecaf7b7cd386,hjkgrp_molsimplify
1172,480bb2219b30ccea0ed226b7c6e8d616e4005404,hjkgrp_molsimplify
1173,480f2caf0be26a7867288c4023829fa3777a3a67,hjkgrp_molsimplify
1174,482076e7c0ab26a8f24ef58d1b9d1b719746e1d1,hjkgrp_molsimplify
1175,4836f075575401dd9977dc0a59165dfa28a5d7b2,hjkgrp_molsimplify
1176,48378fb963b0277f3d00ded119a055ed7a2b07e4,hjkgrp_molsimplify
1177,485a633c707f38044ed95146673be10a50668599,hjkgrp_molsimplify
1178,4866d322cbbd0135ed1d385ef188ed3a47bd0cc9,hjkgrp_molsimplify
1179,486c7355ad61703019c36f71eca124471cbab29e,hjkgrp_molsimplify
1180,486e07c011ac294732ffa01aadc99d24448c0bc2,hjkgrp_molsimplify
1181,4895d0987bf765a7b65fe01287db3f8ce8f4b70f,hjkgrp_molsimplify
1182,48b4ff2b7779de54598b54ba6b1af9aa635185c3,hjkgrp_molsimplify
1183,48d8b5de35ec9def71d0211068112a6ee7242b44,hjkgrp_molsimplify
1184,48d8efd42d83a135c272aab6f02a8fbaec724274,hjkgrp_molsimplify
1185,48e9c92f7e37b4c61f57919801e1255d0a76354c,hjkgrp_molsimplify
1186,49106386155148ed02aeaf78d3af5fd05d377109,hjkgrp_molsimplify
1187,492a7535ce2f6908de1fe3e730c9fab5a3d9f45f,hjkgrp_molsimplify
1188,49310c23d7c7f60e6821249863732cee8b95361d,hjkgrp_molsimplify
1189,493abd6d23842addc94f637a89ce857084fe422a,hjkgrp_molsimplify
1190,4946661c258621177c193bab49877b338e27357c,hjkgrp_molsimplify
1191,4954a84219671cff0ac86481221dd40bd5903716,hjkgrp_molsimplify
1192,499b84e77405fda6a9bcd4c90800fdfa7b7ba563,hjkgrp_molsimplify
1193,49aacd1e009160eff4aa2888ad34b2fa5ba6215e,hjkgrp_molsimplify
1194,49b135a3074fcac0d053d532d45cccc890c2f59f,hjkgrp_molsimplify
1195,49c0821ff25eb30db429cdcb7f60e3d910460bae,hjkgrp_molsimplify
1196,49c14d30703e1c127abcf4abfeb6fceda7d41cdb,hjkgrp_molsimplify
1197,49c2a59fc725c74c1ff73264b967ced113689cf7,hjkgrp_molsimplify
1198,49cadc8109b47b0c05c30a784687f3fa9f04d90a,hjkgrp_molsimplify
1199,49ea8e446bccc05d8ddf38ac7345501f5cdc9405,hjkgrp_molsimplify
1200,49f71feb4bf046c502eca500f3ac3fbf3567af22,hjkgrp_molsimplify
1201,49f940e58c191838ffd5f4f135b500df583596d4,hjkgrp_molsimplify
1202,49fbe70806f53708321833fb2589aa7934af96d1,hjkgrp_molsimplify
1203,4a1b2da0c7e53708dacc0a32ab7a962d03f18b9d,hjkgrp_molsimplify
1204,4a227400e8a6e5f10f3f561200c2669b101ddcb3,hjkgrp_molsimplify
1205,4a3305441c6e2b5093f4a33e2d44d01ffeb1d5e2,hjkgrp_molsimplify
1206,4a3bd3468e930306b06ab2427a058aeff2b94337,hjkgrp_molsimplify
1207,4a5878d82741eab9bcdeef18eae20c06207ac112,hjkgrp_molsimplify
1208,4a62638027fafee3011c9e8280ec208ce2e15ffc,hjkgrp_molsimplify
1209,4a7425f92e0b670f7427a21592e87854f72daecc,hjkgrp_molsimplify
1210,4a98ff41bd13a81f02eb688ab4c07012ac482d92,hjkgrp_molsimplify
1211,4a9c0f7967e7c85f10513fe7220d7ecbfb651080,hjkgrp_molsimplify
1212,4aa999f881883b96177fcba69071ba010ca3e247,hjkgrp_molsimplify
1213,4ac73ed6fe155ddb4e3e9c307ed8ddefd7d08ed7,hjkgrp_molsimplify
1214,4aca55c4d12df3fa357df9e3cf68ab4f2b8a2117,hjkgrp_molsimplify
1215,4ad424bf7d9eb13a3b6d2add238614f8523c6b3c,hjkgrp_molsimplify
1216,4ae2d33105bd1ce5d5be5d465252831d591fe83a,hjkgrp_molsimplify
1217,4b2c75693b939784cb431b747fbc5edd530809a7,hjkgrp_molsimplify
1218,4b451581ac7c120fe442e2401bf3faa3cf85c671,hjkgrp_molsimplify
1219,4b4dfdc808a1ef93ef741fb4a1ba5c8b279937e9,hjkgrp_molsimplify
1220,4b5df80ed5d31b38047c038471ed7dd052c5264d,hjkgrp_molsimplify
1221,4b5ea6471b8fc5b60c070abdddbe8b9b1739f408,hjkgrp_molsimplify
1222,4b6802a7ffd902401dd44f3e720c68a829d4ac07,hjkgrp_molsimplify
1223,4b7d85ab19dfd39a3753509733d50689a9020f2a,hjkgrp_molsimplify
1224,4b80086df009c5d1f9e0e6ef826c5e1496ac526d,hjkgrp_molsimplify
1225,4b8763da80bfb9c012b8a23889bc3a7aeb83e17c,hjkgrp_molsimplify
1226,4bc301c220045d628849379242efe70b5c4c2fb2,hjkgrp_molsimplify
1227,4c02d67ccb44ef528cfa2630d59446d680341856,hjkgrp_molsimplify
1228,4c03674d3022c5ad4bfbb37bc83763d8cea28b85,hjkgrp_molsimplify
1229,4c05c8f98f702b839ddf79ad990c7beed88f079c,hjkgrp_molsimplify
1230,4c0848cbdad08d5d68389e507004c6096232d893,hjkgrp_molsimplify
1231,4c267cd314755957b48d41ae3de02b5fc3fdf6b7,hjkgrp_molsimplify
1232,4c2b39653d4d14ac236f3f649aa676f80d1032c0,hjkgrp_molsimplify
1233,4c379846078e0b1e546f64480e1ffe8eafa02d7d,hjkgrp_molsimplify
1234,4c3b6770703cc2afdf1e70d1b06d6f5526804bbd,hjkgrp_molsimplify
1235,4c4ca6694dc3b1a20a5bc1c188665999eb9712e7,hjkgrp_molsimplify
1236,4c6e33257b4f7ce3095353fb4f6dac47c5b27d98,hjkgrp_molsimplify
1237,4c84f3213c3a9b33c50a221c9138ab48d6cba05e,hjkgrp_molsimplify
1238,4c88ab4ffa63cb753915be8013f156f3782e8fbc,hjkgrp_molsimplify
1239,4c8e163a0a843a266e9d30960b700a5ac9bed8fb,hjkgrp_molsimplify
1240,4c92c1fbea16e5f827395b6b21d5b240558df9cb,hjkgrp_molsimplify
1241,4ca0a34ae4efef3bab74e1a14b3adb23115799f7,hjkgrp_molsimplify
1242,4caa666d9f2741c78e38b3a96fb3801a20a48a49,hjkgrp_molsimplify
1243,4cbb07b59079d902c8bd26f5fbcc543edcd766af,hjkgrp_molsimplify
1244,4d24d2f9ba67067c7072422c052ecf4535290faa,hjkgrp_molsimplify
1245,4d3a639279ef73035b4300dd7be4cb4dcae162b5,hjkgrp_molsimplify
1246,4d479468f1ac7d62ac2d7436ee781df87fe9429c,hjkgrp_molsimplify
1247,4d4b20aef67f4188c226b2a1384b19380d6a0663,hjkgrp_molsimplify
1248,4d4c3d1e96cbb77f77201f1ccb2f73dfc76e05da,hjkgrp_molsimplify
1249,4d4fea6c7dac7e93d3006bfb2a0cd71b358df9c6,hjkgrp_molsimplify
1250,4d5b651821fdf30bf3933ad89e1039e8ca711703,hjkgrp_molsimplify
1251,4d615962942e79d1ba7a2fcc3601ff60554d0c85,hjkgrp_molsimplify
1252,4d68845777c16c0916555e793e9129869b67c6a7,hjkgrp_molsimplify
1253,4d69d134be6faa7c6f323c3d7debf164d98b8c15,hjkgrp_molsimplify
1254,4d74bda56d5bd0d972687121610185a104f9eb87,hjkgrp_molsimplify
1255,4d753b45349161a6df229c3a46e7003059e1bb63,hjkgrp_molsimplify
1256,4d8263c703a263a07a7b222741caf653fd14b434,hjkgrp_molsimplify
1257,4d8dea202011d13745b78e71e9ecaf246ff88494,hjkgrp_molsimplify
1258,4d970ce5e566c3cfbd19dcf8583073b36da572ca,hjkgrp_molsimplify
1259,4da30bdb298e39197c29e1f2e7f969a5d85204b1,hjkgrp_molsimplify
1260,4df326d946dbb29dfc710a353dba5e30034ec1af,hjkgrp_molsimplify
1261,4dfb6063280c2c4fa6034ee85a0c2568cace6099,hjkgrp_molsimplify
1262,4e06a5f43f2f10bdd3560c9e38ee95c002f61a6d,hjkgrp_molsimplify
1263,4e106535887dd3795cd7ae4953c8a6b9612a57ba,hjkgrp_molsimplify
1264,4e26340f08f0995bb75808c759564d7a42d5fe75,hjkgrp_molsimplify
1265,4e54cd3a777802ecbc43b33b37feaf2727d9439b,hjkgrp_molsimplify
1266,4e6d826e03767f20dc66220202c938e798403d24,hjkgrp_molsimplify
1267,4e81b0400ed752fea5ef2f2474fdd8290ed7acda,hjkgrp_molsimplify
1268,4e8ada9bcd73fae7a0962fe6bed1c570c10b8e95,hjkgrp_molsimplify
1269,4ea4c2beed134b00e72eac0989661e27f89dfab1,hjkgrp_molsimplify
1270,4ec87079f8fc11f9ca2d8f98827dc558f41f79b1,hjkgrp_molsimplify
1271,4ecfd840e69a9e706a6becbe7cdb02088d85be42,hjkgrp_molsimplify
1272,4ee8d5b48fb7c72300bfb91f7a9dafab2804c337,hjkgrp_molsimplify
1273,4f14dd43d61760baa4dfbecffa71a8567c5c0a5a,hjkgrp_molsimplify
1274,4f160e159e371b891983dfd753917e604cf59208,hjkgrp_molsimplify
1275,4f1b00e99b0b397f3bab97416f3e16fc628c884f,hjkgrp_molsimplify
1276,4f2e03c5becadd1b1cc89159a288679fd99c4e13,hjkgrp_molsimplify
1277,4f4577418ca94ba531cd89aa5d4e4f03d8a16a7e,hjkgrp_molsimplify
1278,4f635407c27e9436bac5d6613462a279c187e9e3,hjkgrp_molsimplify
1279,4f68f942b798316fccaa1e8cabbbe859a53120c7,hjkgrp_molsimplify
1280,4f6bd5c2954db096d8304c374033cbf466146684,hjkgrp_molsimplify
1281,4f7407ebc4f8643f78b2dba143fc9826b4b09864,hjkgrp_molsimplify
1282,4f7faf7dda4852ceefc21b817d4d20c137e15626,hjkgrp_molsimplify
1283,4f8c88cada6ac158e4e8da42480ee66b133464d7,hjkgrp_molsimplify
1284,4f8f5239886d07e3787abe6cb38e8ea058bee059,hjkgrp_molsimplify
1285,4f908458e964c2dc07672d8c059305d511df6cb1,hjkgrp_molsimplify
1286,4f96346474e4c7b2ffef76b885b3294de35f4c52,hjkgrp_molsimplify
1287,4fc011d46aa3423661b3345add996d670a0511ce,hjkgrp_molsimplify
1288,4fc51954da802d517464e58884dbc0f4c203a910,hjkgrp_molsimplify
1289,4fed2637f284f80b8de4f4e0ea179cd65bf64076,hjkgrp_molsimplify
1290,5003d60407da9d7be9c4d0d828d9244323b582df,hjkgrp_molsimplify
1291,503b1af5de88151a30271c1228c5e3652a697b92,hjkgrp_molsimplify
1292,503d499e119ee7512bf5e5f751fb6fadc023fc08,hjkgrp_molsimplify
1293,506743e215113189f5f8ded89657d3312be51286,hjkgrp_molsimplify
1294,506e6866dc3e47d4a1cec9b2f0239c2cb3a3974f,hjkgrp_molsimplify
1295,50a1915fd876dd5b832c576eca6ffc5dff12e4d4,hjkgrp_molsimplify
1296,50a8fec84c542037370e30b8f7ab3791be5e968c,hjkgrp_molsimplify
1297,50b1e42b094002aff3588060d3a02d91e81f260f,hjkgrp_molsimplify
1298,50b2e737f6d639c1a2bf9353a73db6638d163ca4,hjkgrp_molsimplify
1299,50b34656f7e14e5149be7593962e4d7a5f8f3eda,hjkgrp_molsimplify
1300,50b923038195347bcc766d2c8297788f67902cf0,hjkgrp_molsimplify
1301,50cb9b74049830cc453821a68666b1267194f18c,hjkgrp_molsimplify
1302,50eed7a39ca01658d8f38c0bfad20f1f1b0557b5,hjkgrp_molsimplify
1303,50ef9468f894afe696877acbadcaad329920f415,hjkgrp_molsimplify
1304,50f966c3df91200fccbc952933b11a34cdfa0729,hjkgrp_molsimplify
1305,50fc00b4d466b3dc1782223cec5819535ac293a0,hjkgrp_molsimplify
1306,51020099a0a46ba75b372d7bbd465a66a811dab1,hjkgrp_molsimplify
1307,5104485b90f5c512fdec2c777c493ff81533dbb6,hjkgrp_molsimplify
1308,510755bd3558e6e375bfdd25e16e50511bf7fed2,hjkgrp_molsimplify
1309,5109abd87924b36ddfcec0a78c9bdcb653793dcc,hjkgrp_molsimplify
1310,5113dc67712e810b2256867a2035d8850785a199,hjkgrp_molsimplify
1311,5131f7db642f0ff892e01322c8fdd66fc7fa20ac,hjkgrp_molsimplify
1312,514584e06d61c0ac138d314202315fd7cd705ec7,hjkgrp_molsimplify
1313,5164ea88f3ef7a39470242e15a0009bafa04d122,hjkgrp_molsimplify
1314,516e2e7650221bfdce6ff9b28b37e4cc8f73ea17,hjkgrp_molsimplify
1315,51873c4dfc66ecd1a74a37fe3fdc357bb51f1076,hjkgrp_molsimplify
1316,519247e50ff9561d8fc0335e22b0d19dd3b25652,hjkgrp_molsimplify
1317,51a9ee6086352ef1619d64cf30e2c7199e0aaaff,hjkgrp_molsimplify
1318,51b23f7f918608cf7f814304e08a2ea08b66fa7a,hjkgrp_molsimplify
1319,51d529980414919aa0a333de16eeed85becc48de,hjkgrp_molsimplify
1320,51dd7b7e71dd5a5fb79e9018a82435a6bc2abf4a,hjkgrp_molsimplify
1321,520861d6297729bbaa6d7af139816f8a4b7b8158,hjkgrp_molsimplify
1322,5208b57eb6ddbde5eb193b8868d6748b8fbd5097,hjkgrp_molsimplify
1323,520c3e7124cd6760a81bb5781bb1f6d9a737307e,hjkgrp_molsimplify
1324,521588bea0ede43dcfe210f97b71020ef8cb6315,hjkgrp_molsimplify
1325,521afe5b4777779ca5e39a1b81cc56b789c11853,hjkgrp_molsimplify
1326,521e7d0e8a502093d3d890094265e021f017bcb6,hjkgrp_molsimplify
1327,525036ada1940054394ea8f872eca39e8dae1d81,hjkgrp_molsimplify
1328,5250bd20ae1979c07245a73e9ac15b634cdc9ada,hjkgrp_molsimplify
1329,52529dd17f401f1267585f90f2bf77df07b84a2f,hjkgrp_molsimplify
1330,5263d7eae803cae3998ca5752f39217a41441c7a,hjkgrp_molsimplify
1331,527cd849cb7e1376efda0cc3f8f4e6f7d32f6192,hjkgrp_molsimplify
1332,527ed08feff5e651abc65045b83dc82b83dd4793,hjkgrp_molsimplify
1333,5287d3e565bdaf16f130ab9aa55c8b4373668baa,hjkgrp_molsimplify
1334,528fac4c62595b1293d900d98a21b4e9be37fe10,hjkgrp_molsimplify
1335,52947330b7204c5a40cfe41a2a45e0b635960305,hjkgrp_molsimplify
1336,52a0e3ea562f0c405e6d1713d8c36a23030d226b,hjkgrp_molsimplify
1337,52aa9f4750cbb5beb85a375cc8fa87b65149b01a,hjkgrp_molsimplify
1338,52b9db2d4e28194559309247718eb968c8a988ba,hjkgrp_molsimplify
1339,52d1d9d799147a1a20bb5d54f7ce3afd793f149d,hjkgrp_molsimplify
1340,52db319092ee94e75022ba84cf815ae44fcb7998,hjkgrp_molsimplify
1341,52dd2d6e28dc862cb19335cd5de4dd97b93e5aed,hjkgrp_molsimplify
1342,52ed086afb33af79375f9f8e7f164d612af1f7fb,hjkgrp_molsimplify
1343,52f0d625112991e72cf440d5cc254a42b3c347c3,hjkgrp_molsimplify
1344,531d8b862139e207cba767c7a3b0181989527029,hjkgrp_molsimplify
1345,53218910b39d117e3c7c20ded07986a7ecfd46a8,hjkgrp_molsimplify
1346,5335895e61518d1be772d8178c8b7eba7a0e3f8f,hjkgrp_molsimplify
1347,53366f7d6200ab962443435349dfcf49c84697f4,hjkgrp_molsimplify
1348,5350f5b52856309425c8025101b71a0fa905d997,hjkgrp_molsimplify
1349,5369b24267cf48950066560b89d5b693661e132b,hjkgrp_molsimplify
1350,536a25a88eb8635c81588c6ba2b256b7434239f5,hjkgrp_molsimplify
1351,53704b27c81be3f79c41f97b6ff46fe5b89748ae,hjkgrp_molsimplify
1352,538ea66a1cc68e2bdb5ffee4791185bd51b3d91a,hjkgrp_molsimplify
1353,53989f4d9c5521353a6049ada3084e452f52934b,hjkgrp_molsimplify
1354,53adea28df8dbeedc4f3f4ed023adeac5b2482b9,hjkgrp_molsimplify
1355,53af20c05abef6096ef4b5f51efa6b05ca3c9777,hjkgrp_molsimplify
1356,53ce6ca07bd74e81e0383de464d72e765cbedd6e,hjkgrp_molsimplify
1357,53d296680f448f80a4b211d170b03d2326d0a7a6,hjkgrp_molsimplify
1358,53ee648e75a044f83e8e919ec00212d0bba5d6d8,hjkgrp_molsimplify
1359,53f279b787324dac25c82837a4bf87a1410ee2f1,hjkgrp_molsimplify
1360,53f7d55e130e4d10873889852e8c44eeebefdcc9,hjkgrp_molsimplify
1361,5409a083827c32da52f7e2bd0741a2b60b288ff4,hjkgrp_molsimplify
1362,5419ba15206bdf764ac1d43947df1e90e1a05f29,hjkgrp_molsimplify
1363,5419d1e7072fadcfa8fb3b713e45910fb8d998df,hjkgrp_molsimplify
1364,541cb2796856191f11d2a0178511397ead0fbd34,hjkgrp_molsimplify
1365,542acfbe99f6e64905f66c1fe5fb70e6ee467220,hjkgrp_molsimplify
1366,5437387f2d085028b9ab71c68a7bf2a50bd2a2f0,hjkgrp_molsimplify
1367,543b3168f74db8246b373119f80110070d0c404f,hjkgrp_molsimplify
1368,544c270c0be109f4bc3b20062785fcee488d649e,hjkgrp_molsimplify
1369,546e2b2197de3674a67156f92b6bddd514787657,hjkgrp_molsimplify
1370,546f64def845ae649ddb0877130c1721d1897d1f,hjkgrp_molsimplify
1371,5472c3332f0763cd1cec8de5891db0e8f32e0e2b,hjkgrp_molsimplify
1372,54759c0811be30ded89729454820db6fee131c10,hjkgrp_molsimplify
1373,54a9e232d21ac071c765254f8e256e50e3048f3c,hjkgrp_molsimplify
1374,54afcef377babfd73e773e9afc170bbdbc76119b,hjkgrp_molsimplify
1375,54b03e30d96deb2771c86b805889e5e60c042943,hjkgrp_molsimplify
1376,54d14dd31a05dfc3517589fb659d64b737232f0d,hjkgrp_molsimplify
1377,54d43d81d4d87dc100b60351c6af3443a233415a,hjkgrp_molsimplify
1378,54d7799ac73a36332b6489c7f3a1f1f6a82bcc5c,hjkgrp_molsimplify
1379,54dacbe02f48ad2fcd06ebd6ed3f3339d9b8db44,hjkgrp_molsimplify
1380,55388672a9988a9f26fe37269fc5e62e0f8932bc,hjkgrp_molsimplify
1381,554779e47d4f4f56e237429fd2f97d26bf645030,hjkgrp_molsimplify
1382,5579153159d4b9e66461789417b1d09a2fc35d11,hjkgrp_molsimplify
1383,557b9b492e1e982f067355ac8c20e5cab7110946,hjkgrp_molsimplify
1384,5583ec8138f9fd798434c66e480e2d2502a8a7cd,hjkgrp_molsimplify
1385,55d7cfb4304a088e6f092871b082ea763c46ee0e,hjkgrp_molsimplify
1386,55db15c075e43b4d99691fe74a6ace6857732a6c,hjkgrp_molsimplify
1387,55ea810f0d6438b4b314eb43378304ed47825a84,hjkgrp_molsimplify
1388,55fd208b9087d7a47ee4c928f60e0205791e3155,hjkgrp_molsimplify
1389,5618895f585e10bddd71b0ebaa7302ac3d332ca9,hjkgrp_molsimplify
1390,561ee60a1c37f37d045adba5542b39fbb161a4f5,hjkgrp_molsimplify
1391,56208ed5d7b6e950d0270ed8f1ebecd32c48b465,hjkgrp_molsimplify
1392,56341128cccfc9ccf3223a8507a27864a9e07366,hjkgrp_molsimplify
1393,565746d58e3c3ba630962445d318c9e356a9f72a,hjkgrp_molsimplify
1394,565da1f3412650c1439f410479d5dfa317e713f3,hjkgrp_molsimplify
1395,56984b3d170167f158adc430517d6566d144fdd2,hjkgrp_molsimplify
1396,56a58d4dad12dcaa4537cf3c54711251599e2bd1,hjkgrp_molsimplify
1397,56a79480742a3adf40592a562a871c003243517c,hjkgrp_molsimplify
1398,56ab21b3484e0db1d4f9a361ac830c0df5111810,hjkgrp_molsimplify
1399,56bb740c280724ba04d3b4c6d925c3cb3fc6dfba,hjkgrp_molsimplify
1400,56c0df1d9c5fdd6cac690779e129895101a54874,hjkgrp_molsimplify
1401,56c1ac4a22d489f8009fe3e2d14ab923534ddaf3,hjkgrp_molsimplify
1402,56c78b72b8576a434d3269001642f67c3047cf5e,hjkgrp_molsimplify
1403,56cfa98ccaa682808835c78f857785b17be4a4db,hjkgrp_molsimplify
1404,56e9f312adde5c2c1125460a8635c647bd239450,hjkgrp_molsimplify
1405,56ebfa479bfcef017fcfa27af1e60cbfeefc44ef,hjkgrp_molsimplify
1406,56f08f1c7fde664c7ff149454af1cba57f937243,hjkgrp_molsimplify
1407,5725c0b628a5733b24a0874d8134f4495b763617,hjkgrp_molsimplify
1408,576d85b36e10362dd1a2bc06c6bf096fddf61c17,hjkgrp_molsimplify
1409,5778d4d75fc976d7c62dee4a2f5ca8eacf4a1f4a,hjkgrp_molsimplify
1410,577b2338a8fd2709b4e5539b02f60b9bb93e1cdc,hjkgrp_molsimplify
1411,579088fd820102d908c41da3c5880aab65933676,hjkgrp_molsimplify
1412,57963695a66243bb92e0ee17e0517cec9162b24e,hjkgrp_molsimplify
1413,579b932c10e390ddec3d61333548d14c5c27e518,hjkgrp_molsimplify
1414,57a55c0ff2a239bef5f2fe26449d2606613af713,hjkgrp_molsimplify
1415,57a84d0535771793cb51a585a4bad45a88284ace,hjkgrp_molsimplify
1416,57ae0ab9f0a9ac0f00a09a8fd76d99d29889a793,hjkgrp_molsimplify
1417,57ae1b6348c65931568fe216cb86906f7306f01f,hjkgrp_molsimplify
1418,57aeb61e273c90bb8b2eec340767a27494c4c146,hjkgrp_molsimplify
1419,57b477f4ed47e08de23868857a9afff8469b38d1,hjkgrp_molsimplify
1420,57b7217bac21f3f63ea093b308480a8c84f89916,hjkgrp_molsimplify
1421,57d571889b516815bb79eb68736b0f7c23501b69,hjkgrp_molsimplify
1422,57dc13c9f14482f35cf5bda840de80cdd9573377,hjkgrp_molsimplify
1423,57df61be0ef8f6f06f8445617091557c3d9a8821,hjkgrp_molsimplify
1424,57e2670025ce2b5c02602ee103fe3e19c0650499,hjkgrp_molsimplify
1425,57eb577a2a07f16bdda9ec166febdb266777b1e0,hjkgrp_molsimplify
1426,57ec99deae14c0583bcbe27a45f94c5ad39d61a3,hjkgrp_molsimplify
1427,57f17865a73a424f5860f6cfe6c6e927bbf2d530,hjkgrp_molsimplify
1428,5803543c2daac4e8e804a556e94f4d0e64aa2c0b,hjkgrp_molsimplify
1429,5804670dd88871c353b2df3ba235f9b221da35de,hjkgrp_molsimplify
1430,58068c9ba24228b52a881a78a627fb65104a6530,hjkgrp_molsimplify
1431,580e28d784757784dace1607ce2a0a8f899fbc96,hjkgrp_molsimplify
1432,582b2df777390e446753216a2e6e0cbc706bec98,hjkgrp_molsimplify
1433,58401ba22a56e31ef32772d85c9b81366cc45ad8,hjkgrp_molsimplify
1434,585f7ae9293d2e456780e95b8bc29ce2b67588bb,hjkgrp_molsimplify
1435,5860c185917b18f5d9fd9a56236e60732f0e1aca,hjkgrp_molsimplify
1436,58638001eb9dbb716935cacae6ee704d8bfc3baa,hjkgrp_molsimplify
1437,5868af5cf0e3e349c725a0d0b6d0071bcd913812,hjkgrp_molsimplify
1438,587fd7509906a8063014c8769f6ae1467fdf8887,hjkgrp_molsimplify
1439,588ff02eb914279e74590416badfb3c90abf31c6,hjkgrp_molsimplify
1440,5890b6a2acca3c1b79c0560fec5c0f43273e7931,hjkgrp_molsimplify
1441,58a8e2641007f3b3c0547b175e44090c4de9224d,hjkgrp_molsimplify
1442,58c938419e6d2119b0192396f910474043912441,hjkgrp_molsimplify
1443,58dd6259e9503ff2a7b5489ed3e57a6e1512c401,hjkgrp_molsimplify
1444,58dfa8d8a571e91f447b9ad462e668d6cc0e4ed3,hjkgrp_molsimplify
1445,58e60e3b2ce5c7c3fb793efb410c4b6cdd53aaeb,hjkgrp_molsimplify
1446,58e789a7f9f4d649d7dfb7470c76182a66c1a7e3,hjkgrp_molsimplify
1447,5902f83abc7c552b3b2b68f8fa8eaf5b321dad26,hjkgrp_molsimplify
1448,5938664e431b77aea68e2655d0bb0bb9b370f2d2,hjkgrp_molsimplify
1449,5947651a4aa989a8ce1389bffdcf3060eb4a9562,hjkgrp_molsimplify
1450,59518f4704da66405ab456c8a69b2ed8aac6ef18,hjkgrp_molsimplify
1451,5968041685618bc0e0869ce700c85389d595f45a,hjkgrp_molsimplify
1452,59b0a19a26c7cd3a39dc0f98e6905d6d4444e29b,hjkgrp_molsimplify
1453,59b47dc9ce3d500c14db709654f7948881e514a3,hjkgrp_molsimplify
1454,59c87a5eef1db523b3a7c2718b3877f97a907952,hjkgrp_molsimplify
1455,59cc5f67946ad9d9255c0e290657c1e8ecf86fd0,hjkgrp_molsimplify
1456,59ec300408f99db6c7559e9cf4c1c5a3c2d5fd04,hjkgrp_molsimplify
1457,59f1d3aead4bb592fc8c82c3a34e08464896c4f0,hjkgrp_molsimplify
1458,59f7500d764c3c77e0278a5b2c687464cd7bc665,hjkgrp_molsimplify
1459,59f7cefd68c58bafd207dd5efd96feb91fc7d059,hjkgrp_molsimplify
1460,5a017bfabf3cf2cf5ce0e749116a3db4deebbefd,hjkgrp_molsimplify
1461,5a05bf0d6ecf47d5abfc92c188c7561a302bce51,hjkgrp_molsimplify
1462,5a1bed4cac60db4ef2c90b274b7cb3655c2c8b5a,hjkgrp_molsimplify
1463,5a5714531ec32284b1097ea48638bd4644a7af22,hjkgrp_molsimplify
1464,5a70adde9323e0f546f38367524340de26ac7e2b,hjkgrp_molsimplify
1465,5a759aa2849ff4b00f3bb17901bb82a5f627af3b,hjkgrp_molsimplify
1466,5a909ed4a43a0fe6921dfde2182d65e0aa1e602f,hjkgrp_molsimplify
1467,5aa05c858fe1eadd128544f54731843b4d0413e7,hjkgrp_molsimplify
1468,5aaac4c651a8a1ae9345d400e92faff9313c08df,hjkgrp_molsimplify
1469,5ab3001e9ac4dab2dc10e5b4eb2b6cc3b1e17044,hjkgrp_molsimplify
1470,5ab61b8ad410db97c79bffe7ee3de69ba38b80a5,hjkgrp_molsimplify
1471,5ab6373d67d82a9836f3e932d73745194bb4bc19,hjkgrp_molsimplify
1472,5ac342222ce08ebd7a40305470b13b72e45b5224,hjkgrp_molsimplify
1473,5ad401eb4f611bb6e14b5ea9fb1a423330c0cec8,hjkgrp_molsimplify
1474,5ad5048d16f03426b7919b36a65fa44d538891ee,hjkgrp_molsimplify
1475,5ae343b1b9ffe84165e7cc7ed7c837b96f7a5f80,hjkgrp_molsimplify
1476,5aedd7eef20e23619e630a90d4afb5f16c94a889,hjkgrp_molsimplify
1477,5af425933c64ab56d47570df4ba4f297f94b3d18,hjkgrp_molsimplify
1478,5afc009c47d756942a21a654bddf9597c5e663d0,hjkgrp_molsimplify
1479,5b045aa82a86adc80ad3f4a01559d8a56fc728bf,hjkgrp_molsimplify
1480,5b093444d089c3765d300e2ceeb312c14deb0398,hjkgrp_molsimplify
1481,5b0a7bc7a26bf03c299652d5971823757ad45898,hjkgrp_molsimplify
1482,5b2eb600b0bfdafbb76fff1eb97667cec151b6a8,hjkgrp_molsimplify
1483,5b2f9abbbf303c29fbf3da64a371f79a4b42fcef,hjkgrp_molsimplify
1484,5b3cb7e723050cb9eebbb116cf233e40a26d0612,hjkgrp_molsimplify
1485,5b4bfa141ac7160752df0d5c3e395c76b5920fe2,hjkgrp_molsimplify
1486,5b5de9b7ada89c98018b890fe5ad6a3d6287faae,hjkgrp_molsimplify
1487,5b6973c59f7a9ffc8df36f9b42063b3ccaf76f48,hjkgrp_molsimplify
1488,5b7ecc603fff7e7130f253e799414f7772083c31,hjkgrp_molsimplify
1489,5b86d5991e82e7abdc1cfdc6bc794df7123f9bf7,hjkgrp_molsimplify
1490,5ba80ea546168e6fd5d9fbbb0fa1c8efcd527f8e,hjkgrp_molsimplify
1491,5bb0a16a06143a30c78ccab5063efdb68d793156,hjkgrp_molsimplify
1492,5bd4aea26b8fa6441dfbc4d4f1024d454096db89,hjkgrp_molsimplify
1493,5bd65f0a261c6fc4321d4dd49efac92f72113367,hjkgrp_molsimplify
1494,5bd9a0ce9792a2cada57b6502262e1533c4903f6,hjkgrp_molsimplify
1495,5bddfea834fdb655b5d3eb8e54c31d728e59a53b,hjkgrp_molsimplify
1496,5c15bb7abf65a3b184d08c21f0b717018a85508a,hjkgrp_molsimplify
1497,5c2cc11788d6da49676c9012c9b0b3c2d54f5558,hjkgrp_molsimplify
1498,5c4a4c69e6de06caea5c93148efc552f02f17ca1,hjkgrp_molsimplify
1499,5c8843af13f47ca3c77e6e460d651eba6706fb64,hjkgrp_molsimplify
1500,5c885ad700a70b643af0d9761ebbd2a9c1ca6c7c,hjkgrp_molsimplify
1501,5c8b3afdb5045c9fb2ec9eb475072078d3b72125,hjkgrp_molsimplify
1502,5c92d154248a0c480f0491e34347460dcc936c03,hjkgrp_molsimplify
1503,5c977f37699ee51592dfa6303aa979eb44aa0a41,hjkgrp_molsimplify
1504,5ca11500b4c74210cabe2c33cdd9f39bd585f421,hjkgrp_molsimplify
1505,5ca50522d0e6e0799ad705afd349e42559a5864f,hjkgrp_molsimplify
1506,5cb88b9288fc0638358a6bd2401385a31f4bed32,hjkgrp_molsimplify
1507,5cbe8dbccd7f9bd0024f6b421c706c0020a57a09,hjkgrp_molsimplify
1508,5cc7c875b7057ce48a8f406ad9256736ecb6bad5,hjkgrp_molsimplify
1509,5cd28b962bb2fa35a80ce3b1a8173afb9c9ddd8c,hjkgrp_molsimplify
1510,5cd3314f72b612def0043966bde659932a169e43,hjkgrp_molsimplify
1511,5ce5574d1ec71866e68b67fb2075767c7719ab80,hjkgrp_molsimplify
1512,5cedf4bc78200b67af632c1ea04a9b69eede6930,hjkgrp_molsimplify
1513,5cf0939df599237c90c638b883a86e3cfc436c3e,hjkgrp_molsimplify
1514,5d27906e3341de238e3e54224a6b735558c87192,hjkgrp_molsimplify
1515,5d6df1b01d51dcbc27904bf5465adca9e17064bd,hjkgrp_molsimplify
1516,5d86f2603d9f95374483dd859f56b0aa7a11db8a,hjkgrp_molsimplify
1517,5d8c9e9fcc517d8e928e267c418d9d719702f995,hjkgrp_molsimplify
1518,5dae9916c8edf5ae1374558d4ba59d758bc692fc,hjkgrp_molsimplify
1519,5db7e50a3d35133bdb24691ea65312dec247477b,hjkgrp_molsimplify
1520,5dbabc087b5b76a4f5cbacf3ecb68cdd2143c3fe,hjkgrp_molsimplify
1521,5dc609d4dcd39505be03d225c1ed9ecca4574e84,hjkgrp_molsimplify
1522,5dc7b89297453f6df92562100e46218e141a2b1a,hjkgrp_molsimplify
1523,5dde8cca719dc5c726aaf013121d97388fdd4cd0,hjkgrp_molsimplify
1524,5df88784ecdc94b4054fb5c7f9ae2aa6c5a7bb2c,hjkgrp_molsimplify
1525,5dfd88f8893b2641165a2cf4201bc8c804726a63,hjkgrp_molsimplify
1526,5e09adcd34c8423243167a187d55e5d83bd0d311,hjkgrp_molsimplify
1527,5e39766c727a7ea7acde7a178d0844903973f6f6,hjkgrp_molsimplify
1528,5e4181428411b53fe3a2c2a494a1e9a8c312e019,hjkgrp_molsimplify
1529,5e44e396e269075bff7da0bfadd8b9b121fda462,hjkgrp_molsimplify
1530,5e70f41c31a66587542bebddec05167aafedb1c7,hjkgrp_molsimplify
1531,5e74a7b1f150844274396dbda4ccb59ccc20d8a0,hjkgrp_molsimplify
1532,5e752e6d07228825b6dd7d7f435864bbca793a0f,hjkgrp_molsimplify
1533,5e7f644c795e49c6e11e54693d64a0da21276544,hjkgrp_molsimplify
1534,5e9af631225a2b78b68d255cc19e327e50bf927d,hjkgrp_molsimplify
1535,5e9b8cb2a11b73996efe4032799178be64bb7e34,hjkgrp_molsimplify
1536,5ebf8fde12e3636f5122af72b884791d8ed236d7,hjkgrp_molsimplify
1537,5ec70a1772da8242f3144ead5802a3f485a8b109,hjkgrp_molsimplify
1538,5ec749604e34899e9b2de62e64b9a8549c8c3df0,hjkgrp_molsimplify
1539,5ee1b8effda542fc80355993a5e2a1f133c62c55,hjkgrp_molsimplify
1540,5ee2a380334e1f2821d2520676f7bb81ea1d8d56,hjkgrp_molsimplify
1541,5ee791d5c4e1f11f6c95471379a3ab533d6c39bc,hjkgrp_molsimplify
1542,5ee878f1d6de5ee92ba9cdc0b92fdac060bb2d1d,hjkgrp_molsimplify
1543,5efc11ab1a409aa09cd07674bf38c314fb36bf9c,hjkgrp_molsimplify
1544,5f49ace3a9ed30ee88d47039e5d3905ca1ede8c0,hjkgrp_molsimplify
1545,5f57fc42c54d1dc777e66933dbbde2c0faecdb83,hjkgrp_molsimplify
1546,5f645ebaa35612293c49e7883590db6eec5b2711,hjkgrp_molsimplify
1547,5f6b0a61dcc8f8ee081f841f8e460ef909e0b0ad,hjkgrp_molsimplify
1548,5f6bf966c42f9a312978013b6d6b886206c7108b,hjkgrp_molsimplify
1549,5f9e58020527f59177b2688ce5787784bdf3bcbb,hjkgrp_molsimplify
1550,5f9f027ef1245f8e3d142d92f99cba8bfe6ecd74,hjkgrp_molsimplify
1551,5fb2fdf59586867f964269bf04ccad731134cc90,hjkgrp_molsimplify
1552,5fb94112df25f1a8077c6013c0595c160f97c682,hjkgrp_molsimplify
1553,5fc49fc88ddca8bb98186f73b2fe3d73d1d11b42,hjkgrp_molsimplify
1554,5fdb9380d7cb14ce27df9a9e5450ff2fee9a4202,hjkgrp_molsimplify
1555,5ff033c384eb05b2098ff699a242b2b359f6c319,hjkgrp_molsimplify
1556,6003a8952a13aaf735d259193521c314972fab69,hjkgrp_molsimplify
1557,6009cbb570de87229c3657163ea93d4f198845f0,hjkgrp_molsimplify
1558,600a6a2ed16f8495cfba9633feeacd05292e145a,hjkgrp_molsimplify
1559,60122e13281a0cc9a8da6f8ff0f632b35248c4c6,hjkgrp_molsimplify
1560,6013e27e8ab2aa490981f9fe13a6146a6ae33a31,hjkgrp_molsimplify
1561,601cf2e5630d17bac547dd5a4d8ff0dbe41e3775,hjkgrp_molsimplify
1562,60211676a71039f37adce57a60505f2bdaf7f184,hjkgrp_molsimplify
1563,60313129ef5492370bfaf20388b16c0f3df6974f,hjkgrp_molsimplify
1564,60443804953ce8f0bf8bd2a8dde9b014ea9ba8ac,hjkgrp_molsimplify
1565,6059f0530cfdd7f3554353cbafbf098b28b128de,hjkgrp_molsimplify
1566,6075a2ef0321d9138f52f3ecb0c58784e80a4924,hjkgrp_molsimplify
1567,607eec2d1f5e32143164654179b65b9cbd823a1b,hjkgrp_molsimplify
1568,60824c8ed14f99fb38f50c214305c04b413dc19f,hjkgrp_molsimplify
1569,60889a38178bcfbe3844f86d7c009e192614e568,hjkgrp_molsimplify
1570,60972d9827025406e7498de11b01a92aa850b99b,hjkgrp_molsimplify
1571,6097f3a45ca645f9bedde914245da0d4bd87528b,hjkgrp_molsimplify
1572,609a3d7467d9e6c6f04efa133854aa9c4f812b64,hjkgrp_molsimplify
1573,60c89ca75aafe8155ff01b7eb8d191f0c49f45b3,hjkgrp_molsimplify
1574,60cd6b309101d1e6f2a13d713c32185f1c3e92e9,hjkgrp_molsimplify
1575,60eb047dd402fd3947a9f45065b582cca6b08740,hjkgrp_molsimplify
1576,60f15c99e6216d3e6d47fbd2a6ea98c42aa4a1d0,hjkgrp_molsimplify
1577,610496104e1056dce166b3d21eea5db1d2871302,hjkgrp_molsimplify
1578,6115dc220ad31b35d4dfa603a081f6e724bce33e,hjkgrp_molsimplify
1579,6128fa8133c0421ec998b0dce308e211b56fe3b8,hjkgrp_molsimplify
1580,61302a08f2fc1c495a2142d9b24ae84321b7c9e8,hjkgrp_molsimplify
1581,613082ab532be730273319c0fe4a02e55ef8f9ef,hjkgrp_molsimplify
1582,614dd3fbbe440f780d88647c444aaab1c95b702e,hjkgrp_molsimplify
1583,618f917484610290699f7e4db4cb1b5d56e63032,hjkgrp_molsimplify
1584,61df6b26fc7fc24f52a92d695a03b5339419e3c6,hjkgrp_molsimplify
1585,61e49bfdae37b7b2092cfc8518b63c8b73631ef9,hjkgrp_molsimplify
1586,621ae482bafb310d6625ebf79cad3bf6711b097e,hjkgrp_molsimplify
1587,622864ac14a1f30dc00a9f0cc1be5bdc86299e81,hjkgrp_molsimplify
1588,62465397c2b9e516796f709a5d534ee104db2503,hjkgrp_molsimplify
1589,62526bd6918575918a5df3f706fbd847eba91ad7,hjkgrp_molsimplify
1590,62757892fd9433e63dd21c51875cff0c98fc3ca6,hjkgrp_molsimplify
1591,62794e24c274ce8399bcb36cb6f76498bbcf08b6,hjkgrp_molsimplify
1592,627fef1cf765d2d6e93d419e16603d9e82c045b1,hjkgrp_molsimplify
1593,629fb3e347ecdb6253a9656cc9df4d9b959ecac9,hjkgrp_molsimplify
1594,62a0c8e7b9ff850fe2d261828e9b4c53ba0450c3,hjkgrp_molsimplify
1595,62bc6c7f7b94c0f6e52d5b2e74c35cbe138fe130,hjkgrp_molsimplify
1596,62c36369d53107797ce1facb7089a16796b43909,hjkgrp_molsimplify
1597,62c463277fc935704461e4e9f5e9977c08d216a3,hjkgrp_molsimplify
1598,6305b507abd614529af9d0c2622947f3d24faa5e,hjkgrp_molsimplify
1599,631e0b3fc0698b8a1289e1b752ed9b177f314ef9,hjkgrp_molsimplify
1600,631f5e333f550ff21c7bf3c279b978709bad7c8a,hjkgrp_molsimplify
1601,6325d255d3eb226f6a51f2987d227f415cfaafa7,hjkgrp_molsimplify
1602,63377bc2e9f4270ae04afc5529a2ab2b5832806c,hjkgrp_molsimplify
1603,6338265fe536c9fd63e445e504893449a69f408f,hjkgrp_molsimplify
1604,63576d3a159c3c672159f2a48a9f2fb278b70bed,hjkgrp_molsimplify
1605,635d201e925a1b7c99322e94039dc66a655daf8c,hjkgrp_molsimplify
1606,63622bca522201e3a4d41cdf7de8a8277de0e57f,hjkgrp_molsimplify
1607,63951334195ad79ec104d1ab012c58bc206786cb,hjkgrp_molsimplify
1608,639663a31580709ade6d7d06e0e7eb4bf1c58fec,hjkgrp_molsimplify
1609,63994570cc369c674e33236692b969098b70f1d0,hjkgrp_molsimplify
1610,63ac8400f9bf9f81508f62c426fcd75a223f31c0,hjkgrp_molsimplify
1611,63cddbe1c0125a7c2ec454ed2fee969e51b4b59d,hjkgrp_molsimplify
1612,63cfc4726a1be69772465d2d487866eea385401e,hjkgrp_molsimplify
1613,63d4cd1f7fc5a5e9c34f45e07c2b7e29965d6851,hjkgrp_molsimplify
1614,63eb99c488053d0338d00a11327c6a134be02eda,hjkgrp_molsimplify
1615,6400e86de44b3c659f16ab6d2cca65e78fb8cd3a,hjkgrp_molsimplify
1616,64199655e939475a9abc4c958c53c4c9fe71d892,hjkgrp_molsimplify
1617,642befa5e90db36ecfcb399be7134c1717e22a0f,hjkgrp_molsimplify
1618,643a0d1d11829f15776009cfe4a4c00f0d3f018a,hjkgrp_molsimplify
1619,643a1a3caef9e371dff311ef30688950ffaac53d,hjkgrp_molsimplify
1620,643e68efd7dfe8d358a649e538f81f0873388608,hjkgrp_molsimplify
1621,643f9a2ac594a5ece07f48fcc3222392107a8521,hjkgrp_molsimplify
1622,6450e8e98aed2208c8488f620c22cdf71dbc5b4e,hjkgrp_molsimplify
1623,6471c193a57050818c17461f1f8024a9c20fc967,hjkgrp_molsimplify
1624,649216c4f39b408d53c758116e58cf1fb00f9260,hjkgrp_molsimplify
1625,649279470657a3168574edc796ce830373a1711e,hjkgrp_molsimplify
1626,64a0e24bba7e0a8594d93938296934ac7e4c0209,hjkgrp_molsimplify
1627,64b70e6756796c30f58829f4fbb1e8949e881247,hjkgrp_molsimplify
1628,64c51ea5e9653fc52b2394f444034c2da111a158,hjkgrp_molsimplify
1629,64d680bce210245a4a56dba5b0f56c1dd8cdbe86,hjkgrp_molsimplify
1630,64dda7e9dec4547b18cc4eb0469249fd77a29b1f,hjkgrp_molsimplify
1631,6500cf3e26f253a5bb0135f96de1de634a83b200,hjkgrp_molsimplify
1632,650a2220bb4827bb5b4bcbabfd8523b9d1f310cf,hjkgrp_molsimplify
1633,650aaf7bb2cda6f1331727561c376dd2ce9df807,hjkgrp_molsimplify
1634,650ae34cf1e3d7a312f2af41b9f99b3e1d748230,hjkgrp_molsimplify
1635,651261f5a27442abbe63d0ece9863644f88de591,hjkgrp_molsimplify
1636,651abfb6883ee2295962b38a72421671207672ac,hjkgrp_molsimplify
1637,651c2025dc34e821f636a8264db99ab4e2f23eb6,hjkgrp_molsimplify
1638,651e61d3140646b15b8b9a7354326e192b526eed,hjkgrp_molsimplify
1639,651f9c62d437a21607a02fc21167056cb4caaaf3,hjkgrp_molsimplify
1640,6523f4d20600a75280f9e2948568146f087c2dea,hjkgrp_molsimplify
1641,65394d8364d2a9bd7659845b32448069342c33c0,hjkgrp_molsimplify
1642,653b09b7e424955587bd444390fc3eeb402f0407,hjkgrp_molsimplify
1643,653f452333458473ca7d7de60b3149a3939d5141,hjkgrp_molsimplify
1644,654549082dd779423ec97bcc14f5a02f31f30fb1,hjkgrp_molsimplify
1645,654767968a3f652941a938deed48c065051e68da,hjkgrp_molsimplify
1646,6550eec8cffea809388c6b43f8292116f8d5219a,hjkgrp_molsimplify
1647,65630b3035531291abb80ea46ab201db2f49924e,hjkgrp_molsimplify
1648,657e1c21bead1769143b0e15c575a6fc3f383ef9,hjkgrp_molsimplify
1649,6584635b16b395a6e2158756b455c4bca882470d,hjkgrp_molsimplify
1650,658838369f94e138c8c8e455571302a61c4281b3,hjkgrp_molsimplify
1651,65b2d70a4adc94fb5281659c8227178fcc309d82,hjkgrp_molsimplify
1652,65b91162eebb8c4642c526051884ac88688136e1,hjkgrp_molsimplify
1653,65ddac98fb9c521718019b932b8bd33992f3bfc8,hjkgrp_molsimplify
1654,65e5ceaf2460bf2ae9b9054c23ea421ab0f73502,hjkgrp_molsimplify
1655,65ee867cf545bedbb739eafc2269c97e181cb1b0,hjkgrp_molsimplify
1656,6601dc5b7328ce2330706832e60ee97822fdd630,hjkgrp_molsimplify
1657,6602be3d576884a376fc44b8271f12539cb8cf47,hjkgrp_molsimplify
1658,6605bae31ac85f55eb72b7e75d09d9565a596f02,hjkgrp_molsimplify
1659,660bfbaf9f3b6f3d58c2ffb706cfe5a0adaa45a0,hjkgrp_molsimplify
1660,661151a007d61b0ca8dcd4313d63e93918a38670,hjkgrp_molsimplify
1661,66130105ddc8b04977e2961a092a4eacdabbc872,hjkgrp_molsimplify
1662,66135e30b1731765aeece7c728f2ec3e0f61d181,hjkgrp_molsimplify
1663,664056c45d2a57697232ee17ce69671556c18ba2,hjkgrp_molsimplify
1664,664735d2c3880154b84f25db8c2eac0a1c02666c,hjkgrp_molsimplify
1665,665168f1918b0ed9cb96a67048fac2a7b958c039,hjkgrp_molsimplify
1666,665f40b4300ef1f19ddae3951d370618a7bd77ef,hjkgrp_molsimplify
1667,666d23d7ad12f942cbe92ac2e22191dd6b1eb02e,hjkgrp_molsimplify
1668,6693aa066bca0e8c98798dbed05b2a49cc099655,hjkgrp_molsimplify
1669,66a01d1a03b6b9dd3d17b052408b17341753c589,hjkgrp_molsimplify
1670,66ae39240e62bcf34ea38fc5c3cf33266d6987b7,hjkgrp_molsimplify
1671,66b956281eed9bbf39c7f33ae2519777d1583669,hjkgrp_molsimplify
1672,66c3ffc6dfd9a238ca96b5039858de5473406258,hjkgrp_molsimplify
1673,66c606512e3b0fa6592af21280f649be04b9b1e6,hjkgrp_molsimplify
1674,66d0e920d9f1759ab0df9d3b10ae676e510e3540,hjkgrp_molsimplify
1675,66d7dd5276bd0ee24365a7927ec9e0e82aadeb5e,hjkgrp_molsimplify
1676,66e42e7cdd518530632d600fa5a61437e65fd46f,hjkgrp_molsimplify
1677,670b9eda3b9df5c068cdc06bc109a7f88053f4c0,hjkgrp_molsimplify
1678,672603bea41a18d5aaa1c06d6f86fc899eb4a517,hjkgrp_molsimplify
1679,673604a60d2069bf8c316a9c3fdcf23c836026c5,hjkgrp_molsimplify
1680,673a7714e23cd9df911b029203a83e7283ca09b2,hjkgrp_molsimplify
1681,6769246ef320a8b1ced71df872a6dbb309e0eb1e,hjkgrp_molsimplify
1682,677dd02237f04202893973050e53aef962622b2f,hjkgrp_molsimplify
1683,6798a5195d3d52bff827b1a2dd94d176ce078e56,hjkgrp_molsimplify
1684,67b113b644b35e38bb75d8198fa80bdb81018271,hjkgrp_molsimplify
1685,67c06f2c79649ee70219fb7feae245ac3e378b12,hjkgrp_molsimplify
1686,67c5a3bce4686ca5bc2a66f6bc97a9b2a779bc60,hjkgrp_molsimplify
1687,67c6ab092e7c926fe0eb1f80e82e32396bfd7a56,hjkgrp_molsimplify
1688,67f0d4f1066bfe20bf80c4c5a65c07a00f7fdacb,hjkgrp_molsimplify
1689,67fe4a985338b281f2dd1c91943549481c73830d,hjkgrp_molsimplify
1690,6808591379ca2e200bc8c901d439f5fc35a207cf,hjkgrp_molsimplify
1691,6829fa4b2c3bc837ebd05364125cdfd658623639,hjkgrp_molsimplify
1692,683aef9b1af99ab38ed1beed1509937d4772a360,hjkgrp_molsimplify
1693,684817c1d792e0590c2fbd664a37806b2fb66623,hjkgrp_molsimplify
1694,68571aa4b9cb1c2f836832abca26db6fdd61160f,hjkgrp_molsimplify
1695,68623f9e3b42ece92776446f2b631e8841a986d3,hjkgrp_molsimplify
1696,68761daceb506c6abaafdd4d7aebaa71fead60ca,hjkgrp_molsimplify
1697,68971bef32d457b8132514b8101eebaaaf44ad8e,hjkgrp_molsimplify
1698,68a059f1255c9dc7b1c74306156e812b94f204ea,hjkgrp_molsimplify
1699,68c3a15e2e22c4d847e590afe4fd586a8a58f94a,hjkgrp_molsimplify
1700,68dd440b1c0adab8dd10c1acbd9825a3d6fd5e83,hjkgrp_molsimplify
1701,68dec7a03e8af70a347c658cd75ef92c07807257,hjkgrp_molsimplify
1702,68e9fcc9ff58fc36cc8eb6330263f52767cf36a1,hjkgrp_molsimplify
1703,68ea6e6c102db40b7567386b70d59b1cf63c1a70,hjkgrp_molsimplify
1704,69159286c7f7121a7e602e76a2337738107935cb,hjkgrp_molsimplify
1705,692b58c330d3803b7a198615bc43a9854a0ea8d8,hjkgrp_molsimplify
1706,693df8f95accf65f4bf0d940d50dfb4ee32afa02,hjkgrp_molsimplify
1707,693f091d78d27931393edfc4ce32c6edd9d8aa07,hjkgrp_molsimplify
1708,6973a89503005d2eddb9bdc74e4e4bfc85e8ff95,hjkgrp_molsimplify
1709,6976733831944cd490e1aaeed3f17c09d5b3a8c0,hjkgrp_molsimplify
1710,6989d032eb2198046f9ec5a54bc1b502c3ad366e,hjkgrp_molsimplify
1711,6989d2352741ecbe9d552380c7e596ea29d89f8e,hjkgrp_molsimplify
1712,698f8f7ee31abedb7fce99e7b0392b42cb8adc03,hjkgrp_molsimplify
1713,69c03e2e87ee5f00b95f7b23f35e30af1572ec08,hjkgrp_molsimplify
1714,69cb5eccbabfd5330e6ec97994b268bbfd6d5976,hjkgrp_molsimplify
1715,69d13670f4aecce5b6fde46bbdf970903511fcf5,hjkgrp_molsimplify
1716,69d5b63f5382d6d5f170426bfd1e6412e2bbf0fc,hjkgrp_molsimplify
1717,69e740603f780a2d1c70f49c54500de2db86d7c2,hjkgrp_molsimplify
1718,69f6c9659a5709a4c2a3384fa96d8554bd03647e,hjkgrp_molsimplify
1719,6a09f49beeac400210861683c6cde64583219a69,hjkgrp_molsimplify
1720,6a0e1107bf4bbaed4a63eb2dd31cff00cdbee46e,hjkgrp_molsimplify
1721,6a265c194db05e6b592b206263105fc658d8eac2,hjkgrp_molsimplify
1722,6a53669b2c2cfc6ac2b636a5702d16c56678b3c3,hjkgrp_molsimplify
1723,6a7e1c3b5bd50077705f8725a574b3e78041e3ed,hjkgrp_molsimplify
1724,6a8714c975aa478ff1ecbc2eb360e491d3d30e33,hjkgrp_molsimplify
1725,6a8eb3fca76310d600ecc913291c605e82e09c0a,hjkgrp_molsimplify
1726,6abc92cf892e5121eb9dcae2260e125f4f1d1325,hjkgrp_molsimplify
1727,6ae3ad5cd3248301fe6e644e4c7eda12ce60af42,hjkgrp_molsimplify
1728,6b13a429463cbf79a63bbd1f03ad5a926a712597,hjkgrp_molsimplify
1729,6b171237d48ce4809ef43dbccd4e6cfca29d37f5,hjkgrp_molsimplify
1730,6b1f4892c580888e0812a0009a6933d45e88c8ac,hjkgrp_molsimplify
1731,6b35acaa2d4a3bb09dab520383f3dc1f409adfdf,hjkgrp_molsimplify
1732,6b452b585e0373997df59c732f5b22a46fecfdc6,hjkgrp_molsimplify
1733,6b588ee63dc89a66cf6fb5305813c8db824b160f,hjkgrp_molsimplify
1734,6b5c46a2ca9dc98359ec2b57a80dbffeee74ad19,hjkgrp_molsimplify
1735,6b6df4394a2772b9307fa01bcca76801e09b0b73,hjkgrp_molsimplify
1736,6b7222e87cd86e9c08a4cf4c5af0796019c02e04,hjkgrp_molsimplify
1737,6b78b7fe55024c38a53d96dd49f3ff6ef5bb6e9a,hjkgrp_molsimplify
1738,6b8a7cc557aa01c4591d01fe6936ba58287e2275,hjkgrp_molsimplify
1739,6b9f818adfd3960b174facd6f9225cd36e675ab7,hjkgrp_molsimplify
1740,6bd4247a825a8d85916583ee3aa5a6443b3bf806,hjkgrp_molsimplify
1741,6bebd25795922a36631510b303a93dac70b3157d,hjkgrp_molsimplify
1742,6bec12940c11d0dce31ada36254ca9237389d597,hjkgrp_molsimplify
1743,6bfe656603cb1592215c8d38d69faa1194a44ade,hjkgrp_molsimplify
1744,6c1f50dfafd62b18680fb7f365b48c0bf10dcb76,hjkgrp_molsimplify
1745,6c3e0cdba1350dac3798aabc396003533477f5be,hjkgrp_molsimplify
1746,6c54532d41b8dc4f751a9ad2dbf20751ff2a73d6,hjkgrp_molsimplify
1747,6c6ce91a953eb06b789d23b49a9e8131c43513b4,hjkgrp_molsimplify
1748,6c7980dc9c6348902d32324955fd7a972e5a52e1,hjkgrp_molsimplify
1749,6c9c66eddc81a0d09b7425d6e860ce06ded113d1,hjkgrp_molsimplify
1750,6ca4004b9609af4a10939e0fb7c457ee25c3284d,hjkgrp_molsimplify
1751,6caad14edd51182248e8102d93bec1d667d0761e,hjkgrp_molsimplify
1752,6cacb4e9224ec1712258da236cdb2ff1cce861b3,hjkgrp_molsimplify
1753,6cb00a9a84e41504f064a3cef5d7f8248a17d191,hjkgrp_molsimplify
1754,6cb5335991199a99912986590bf56f807e3389e6,hjkgrp_molsimplify
1755,6cc0a133f3d8aa7ad3f1004339332340036f34a6,hjkgrp_molsimplify
1756,6cc74302a23cbda4758ad18078348fcda979e0a7,hjkgrp_molsimplify
1757,6ccaafae545a7ad23798d084f7ade6d699b4941b,hjkgrp_molsimplify
1758,6ccaf31556ccb0f5cb1edff38fc60dec3b2330d7,hjkgrp_molsimplify
1759,6cd7b289ebe460e97f361ab21613d904bed13887,hjkgrp_molsimplify
1760,6ce32270c634a29137cd18d601924804b7587b8f,hjkgrp_molsimplify
1761,6ce4ec6767e867121740f3a2ed72335865ae8931,hjkgrp_molsimplify
1762,6d0bde47a66ceb7a6acf559b416268cb25aef200,hjkgrp_molsimplify
1763,6d2840ef6fb2a1d37f3bd44a7f2868a361f8fce8,hjkgrp_molsimplify
1764,6d2c692918aa595c5a49997368b4c81197fb7948,hjkgrp_molsimplify
1765,6d4e02be90982f54a95e4984c14f1b7fa1f93b8f,hjkgrp_molsimplify
1766,6d559871d15e89e7ffab2d1c9c2798a8f0c0b255,hjkgrp_molsimplify
1767,6d6417932641356c93264d5710d86b7f073d0ca5,hjkgrp_molsimplify
1768,6d68457b19be0b6db741ce7a1b3771e4ae710edc,hjkgrp_molsimplify
1769,6d7e77234d0e70acde24f93f4241c79c008d345b,hjkgrp_molsimplify
1770,6d864a6e8e7b0458918b6122ae7e568726f408c4,hjkgrp_molsimplify
1771,6d8b6a112232699c32704f4c8ada55479d46066d,hjkgrp_molsimplify
1772,6d8d6148cd2b5ee8c7ac4c0ee59c63fa7f7bd9a5,hjkgrp_molsimplify
1773,6d9257d72c1e524eff556290bc6b56cf820776a1,hjkgrp_molsimplify
1774,6d9c96e32b2e2f1d3dd4285fce99bba0907046bd,hjkgrp_molsimplify
1775,6d9f2d3f7aa9d2cb8f6fc43ff9e975a4eac7a7f7,hjkgrp_molsimplify
1776,6dd97f7b6760d04309984ddf1eb10fe99b5ce0ea,hjkgrp_molsimplify
1777,6ddce19b9c64aa2e6876e3a4756e4d53f3a5cad2,hjkgrp_molsimplify
1778,6e0d1eb4d7c431a8453ac80116295980c56aa3d6,hjkgrp_molsimplify
1779,6e1910c5c1b54f91a66645f175df7490b4a4b375,hjkgrp_molsimplify
1780,6e1cc439f52f85b74d1c70af9aac13456f766192,hjkgrp_molsimplify
1781,6e2d41afc47ac7128b39d73098da3c641afe2bf1,hjkgrp_molsimplify
1782,6e5bad32669748dd668358c0e095ca4fa43b7097,hjkgrp_molsimplify
1783,6e5bb9c2adc8545c975926fc3b2d20319e247383,hjkgrp_molsimplify
1784,6e5ebf80e42f63ee999493f3db1ba0542a0c8381,hjkgrp_molsimplify
1785,6e7113af04aa82ef3c78479af52f51db540299ab,hjkgrp_molsimplify
1786,6e71155e8f063459397bd9cc5de08d20dbfe5f26,hjkgrp_molsimplify
1787,6e84bb83a513e06c6d0a6c42bf597a351fd3062c,hjkgrp_molsimplify
1788,6e8beb6262169dc0c7d10f5428339b710afdb9fe,hjkgrp_molsimplify
1789,6e948606595ffd18b7a6150d0b6916933dd9382a,hjkgrp_molsimplify
1790,6ea36824502ec50c14e687e80b73bb319c34e71a,hjkgrp_molsimplify
1791,6ea8bbe2fe6ee515189f4f96df7a1a5fef4fc7a2,hjkgrp_molsimplify
1792,6eb25dbde8c72bf8c4deef3b96ff9a89f70e0ae6,hjkgrp_molsimplify
1793,6eb286cfd7f92d6defef0b861bb19bfea92a533a,hjkgrp_molsimplify
1794,6ef735387162c1f31168cdb98665eaf526c6adeb,hjkgrp_molsimplify
1795,6efb62885828a86315e96e1879293e44a2e58426,hjkgrp_molsimplify
1796,6efcbac76d3f5b7f18fd29081d7f97be1e94f401,hjkgrp_molsimplify
1797,6f1af52c0e9e7cfc047483c2288d51777156eb4c,hjkgrp_molsimplify
1798,6f389a572da9528610a98d3f7b2ae2ec3ad8647e,hjkgrp_molsimplify
1799,6f3a8feb1e0e57581ffabb6632686b760ebd0bd0,hjkgrp_molsimplify
1800,6f51eed65f6949e5890cb1ef570fbf2c1c19a894,hjkgrp_molsimplify
1801,6f6bade8c9e56e948e8b43c135e79b4997c069eb,hjkgrp_molsimplify
1802,6f7310edd6bd4704bbdd3396a45ded494849c94e,hjkgrp_molsimplify
1803,6f7dffc1bb04c4fbe7fc9cb28ee5fd0df1b02f7a,hjkgrp_molsimplify
1804,6f7e8839545d16144b0560cc19269ddabfd8f617,hjkgrp_molsimplify
1805,6f8c7580b3953f4a3f35518d2f0d534875de87de,hjkgrp_molsimplify
1806,6f977b113934c69eda3add7c7f4d72dfb4121bdd,hjkgrp_molsimplify
1807,6f9d9f0e0af3ac2926b748bf3a8c3bdea6f5389b,hjkgrp_molsimplify
1808,6fb48ae9f120c692132278ca8c8fc6d964f39e3f,hjkgrp_molsimplify
1809,6fbb218a575df0b68662d389ee0cdf25274217b5,hjkgrp_molsimplify
1810,6fcfca23932863965526836b40d9c0766aa0eb1e,hjkgrp_molsimplify
1811,6fd289ea886bfd3277e935df58a25d18312ff7ef,hjkgrp_molsimplify
1812,6fd73a2daf73f94b873f5cf301413f87ccf332da,hjkgrp_molsimplify
1813,700ac0766b3e94d5590e33e146160755744b5f7f,hjkgrp_molsimplify
1814,703a06bf5a646267b005c08fdafbf6cf2c9e6016,hjkgrp_molsimplify
1815,7057e18afb28a0d8c56b37d433e74cd482390660,hjkgrp_molsimplify
1816,705a7d82bdf6ffab135a5ac015ac4b20fa291c79,hjkgrp_molsimplify
1817,7065a3c162d2bb0ca30d88c0bc8eb03ad7032875,hjkgrp_molsimplify
1818,707e9e55510baf437e3a53de1b655c8a43e9653d,hjkgrp_molsimplify
1819,708afde470200e6b058b4ba128eb416c08fb7210,hjkgrp_molsimplify
1820,7092b4e0a5fb4ac231db8cb0af4c34ad75d3bdc0,hjkgrp_molsimplify
1821,7093e37bd69a087024fdb8ae81ded162b6ae4b7e,hjkgrp_molsimplify
1822,7095ca02f1b511b24f7128bc6d8a26fcda735f6c,hjkgrp_molsimplify
1823,709a6cd6edaead123fa7da0af866fdce9247832f,hjkgrp_molsimplify
1824,709b05aea33d8e5c2057a27e95e9fb49b5ad5b00,hjkgrp_molsimplify
1825,70d052c33dd4abce910578241ef6315d6378127c,hjkgrp_molsimplify
1826,70e3959e37b06106f0629e619a28b0a33d456530,hjkgrp_molsimplify
1827,70edc2ad9cc5dfb9f92e33a2230b3d3d482d46f1,hjkgrp_molsimplify
1828,70eeaa042c0486170fb98eedd9b91901f8a758fb,hjkgrp_molsimplify
1829,70f1fa68daf43ae372affe1d990aaef161862d2b,hjkgrp_molsimplify
1830,71001a5dd658a674183995f667b77b56c0432b29,hjkgrp_molsimplify
1831,7108244827d2dfc47eb7203b66e64bb0f89f67be,hjkgrp_molsimplify
1832,71415f7bc84e66cbe9cfde169c5d9f657d6449c2,hjkgrp_molsimplify
1833,715c3bebfdc2798d087bbc822158e80689f0fb25,hjkgrp_molsimplify
1834,7180239cd79122b9c5b57a74256a8021b3ec2323,hjkgrp_molsimplify
1835,71900cfc887989233b7301db3832db668255d224,hjkgrp_molsimplify
1836,71c2af113a3dccfb867704f02fc732c7a69322f6,hjkgrp_molsimplify
1837,71e8cb05cb20b9a453e135475a9927a814e2491b,hjkgrp_molsimplify
1838,71fd8beacfd62bf0777170fa3e491cb491837f92,hjkgrp_molsimplify
1839,7215509161c70f3613d1e35e8082f4e8eb8732c6,hjkgrp_molsimplify
1840,721802067847dd36bed265490ba20e95d770912b,hjkgrp_molsimplify
1841,721a4753ae261fa0ef78a03990d03dd0fb76bf3c,hjkgrp_molsimplify
1842,722c70c17456b34f38f3bcdb751718e3d852d866,hjkgrp_molsimplify
1843,723854409537c4ffb96aba84dbcb5a93bd287373,hjkgrp_molsimplify
1844,72457d2807bcac6f98c659d715815d32c80f9c7e,hjkgrp_molsimplify
1845,7289e7102059e756599f1921b72812c013efc904,hjkgrp_molsimplify
1846,7295f74e92da37c5b9cf66abffb1edeb81c07226,hjkgrp_molsimplify
1847,72bf397a88ecdf94c0d4f700cf7bc874610eb806,hjkgrp_molsimplify
1848,72d407478bd499d3a738facdadafa8c916ef16bf,hjkgrp_molsimplify
1849,730113b620c1bec68918316c8b61172d82df85a6,hjkgrp_molsimplify
1850,7304fd4d346567dcfc92e3e2158ad0ebb3ff1b23,hjkgrp_molsimplify
1851,730a12296a5de63e396fcaa141415fc88ddb7224,hjkgrp_molsimplify
1852,730d62ddec157889ce9fdb2e1389c726e153d079,hjkgrp_molsimplify
1853,7327ef50d4c5979ef6154aa54e70331d37f2c328,hjkgrp_molsimplify
1854,7328369dad705303bdc215a3fe7c6c5427ded4c1,hjkgrp_molsimplify
1855,73312b75a24f4ea2e9fb1f898e2c4d9ee58906c2,hjkgrp_molsimplify
1856,7342767451c3ec4e7cc559b719d1dec81312daea,hjkgrp_molsimplify
1857,7366dbee8a1d8f639dc68192f41eac98b8b62b80,hjkgrp_molsimplify
1858,738ad766d80f5c07e399181365665f4ffb24e44f,hjkgrp_molsimplify
1859,73982ea2ea58e4c3d1b67c425eaadd4a8bec9920,hjkgrp_molsimplify
1860,739f8a62d5b86028c0aadc36b0fe91fb416195c5,hjkgrp_molsimplify
1861,73a7965763063d69935286326085551400751cd2,hjkgrp_molsimplify
1862,73d5b43884a2b6a62cbb993fc8c534743334609e,hjkgrp_molsimplify
1863,741cedfcc94a479a9bede0d19418de13a9bdcee6,hjkgrp_molsimplify
1864,7420444948021f853a0e7c4ef21a6f512a292bc1,hjkgrp_molsimplify
1865,742b4ce071bc89c958c555d1c2ae69416a8c4723,hjkgrp_molsimplify
1866,744cb06c4beb87a21c2cf0e643ae019f4720a1a7,hjkgrp_molsimplify
1867,746af5db60bde6e54c08edd0337a330018912a9e,hjkgrp_molsimplify
1868,746cceafd4e133ecb548395a52a7a64810b62faa,hjkgrp_molsimplify
1869,7470e2a99873af39d44ceb29e4d50439df79c205,hjkgrp_molsimplify
1870,7473174200c94c6f50a1018e68fff1b57c03cb57,hjkgrp_molsimplify
1871,74930b5d01da58f5dc9e656a98193a4120a9cb2f,hjkgrp_molsimplify
1872,74baec2d5eac706d7dd70877a99aea0405e904d2,hjkgrp_molsimplify
1873,74d43fc9b9c66966e225abb830256afeafe48c63,hjkgrp_molsimplify
1874,74e61e6ad4731ce8f6b418331d4c8599dfcb71ec,hjkgrp_molsimplify
1875,74ebba85ea81b70830883c513ce16c80001b7089,hjkgrp_molsimplify
1876,74ef8dac894113ca5ca1858293536aa064820281,hjkgrp_molsimplify
1877,74f7f430bfb317d30866a86730077368af3782a5,hjkgrp_molsimplify
1878,74f8cb6ba9216038429c358449062120ed4406cc,hjkgrp_molsimplify
1879,751c0f1236abf7a0b969431b8c0432ccb49df9b0,hjkgrp_molsimplify
1880,752f27b16b7c30ac003083beefbbb85e87d9112a,hjkgrp_molsimplify
1881,753656464596da1de083e2a5be87b79bbafe3338,hjkgrp_molsimplify
1882,75468d9b12f7aa9d29e9c57ff0270057fae614a8,hjkgrp_molsimplify
1883,754df24305c16316a48428dd578f6d7e32371e2b,hjkgrp_molsimplify
1884,754e81a084fe60f57d0db8ad82ee3672998e7318,hjkgrp_molsimplify
1885,756c0bdb305f8be6588683df3755691b07885cfe,hjkgrp_molsimplify
1886,75711f2589ffc6ab060c2b1c387cf04ca9b13434,hjkgrp_molsimplify
1887,759047e2fcf1c2447d489ce8f33a4b741233ea21,hjkgrp_molsimplify
1888,75a90b5cecb5868c79f1002edea13b52642d97ad,hjkgrp_molsimplify
1889,75aada867a5939ef8159a960dec92f73d2b5f2fc,hjkgrp_molsimplify
1890,75ab5845709882aac2e78eb0b83cd745603b987b,hjkgrp_molsimplify
1891,75b53ba28d133d3f203b7375e547ede7606d2aba,hjkgrp_molsimplify
1892,75c608edc10362ed2920f2ab7f0ab5639279ba76,hjkgrp_molsimplify
1893,75e1c4a927d4eea277e1ad5224d895477b7c4842,hjkgrp_molsimplify
1894,75e3eb2b285294e3da4ff3e438e349300f1b990d,hjkgrp_molsimplify
1895,75fb297fa3ee756e659acb15174337de3042405d,hjkgrp_molsimplify
1896,760fd1384d6b6795015f818f1f344a1366922571,hjkgrp_molsimplify
1897,761d5e6821b3a752e1d2cba469a6ca74d770153d,hjkgrp_molsimplify
1898,7626d84d4adf8780ad56f43ba75d30efc2f3be05,hjkgrp_molsimplify
1899,765501347bddd60aa727fd50a1b3497e746c235d,hjkgrp_molsimplify
1900,766adc257638db845104cbd24cdb08d44f5faa43,hjkgrp_molsimplify
1901,766bef7584d2c4fb0934cfca52aa202bf76c0f33,hjkgrp_molsimplify
1902,767cac460468e30197228f939964b3a084ab87c1,hjkgrp_molsimplify
1903,7699365a68d86dc998f867cfebce8dbcfc6d73ea,hjkgrp_molsimplify
1904,76a290bc1e93b031b546aeb8c0485633111f45a2,hjkgrp_molsimplify
1905,76a9ebfcfe418faadab260b30ba6a6681c0ebeae,hjkgrp_molsimplify
1906,76ad88d78744c73deba032a9fa171a7b94064701,hjkgrp_molsimplify
1907,76c52744b86fa8aa6e119296aa34e98045a1437c,hjkgrp_molsimplify
1908,76cb0fcd428b6fd63f058d993515e796f46f7ccb,hjkgrp_molsimplify
1909,76d6fc8726baac96b383a69d333471660802aa60,hjkgrp_molsimplify
1910,76f2378546b6508856ca46c65c5582c9b521b99b,hjkgrp_molsimplify
1911,76ff3f1914213a70eada28eab4bc79730d2b9bd8,hjkgrp_molsimplify
1912,7708d0c52232ee52caa25af3da0a5b7b24a277ec,hjkgrp_molsimplify
1913,77108a88259f74a65033350150e2e83f35f0e891,hjkgrp_molsimplify
1914,772135ae4f5e4df642424959a479c2c49a24d179,hjkgrp_molsimplify
1915,77498e0efd88fdeed470d252362601c003684820,hjkgrp_molsimplify
1916,775283df74b6a2b2afa8dc059f61baa174f292e1,hjkgrp_molsimplify
1917,7765d718dfed583bf9ef8b669246b670524e37a0,hjkgrp_molsimplify
1918,77734ef6b08e9167497f4cee0b988f4923b94ccb,hjkgrp_molsimplify
1919,7776b9f42ec62f769531208ad96aeb994a00d39b,hjkgrp_molsimplify
1920,777b44b0fddb424266907812f1ee56cc9cc2e48e,hjkgrp_molsimplify
1921,777c36bd024bdf7973dee29d4b05997c9812de83,hjkgrp_molsimplify
1922,77a362672f1af9cfd8a0640f78205d420c408f79,hjkgrp_molsimplify
1923,77b7a70a86b741addd4292b45aa59ecae76d11aa,hjkgrp_molsimplify
1924,77d01bcb50f94178d8485088cc1d62e9c5f12a49,hjkgrp_molsimplify
1925,77d9a6f367c6b3d2c3171ad49b9505b1548a3ac5,hjkgrp_molsimplify
1926,77dc9df306c0bbca31fbb8713286a2223c5d0db8,hjkgrp_molsimplify
1927,77e89b9f0708e114974e848fb6241b68f621d3f5,hjkgrp_molsimplify
1928,77e96c4fb774660c9f6da69d7e8c5872c53592a0,hjkgrp_molsimplify
1929,7813a1124bf33ba7c6e6edea468c15e53a8d40dc,hjkgrp_molsimplify
1930,781695a55998dc5fe03ef107a49b3de1a4d4eb2d,hjkgrp_molsimplify
1931,783fa53f1533125d85976575d6c87f50eabcb238,hjkgrp_molsimplify
1932,7854265aba544ded7cc216f08b5d75c71b96392e,hjkgrp_molsimplify
1933,7861aae71f74d06194b5d83d318b56403fcbad09,hjkgrp_molsimplify
1934,788f30a3f38bcb57f58938d3220e99109eda8065,hjkgrp_molsimplify
1935,78a55f77b90602df02b057147563e0386fed2384,hjkgrp_molsimplify
1936,78c82eac08bb4357251d08da273e65bac5c2e0de,hjkgrp_molsimplify
1937,78cc70fcc69faa84a7a1fbe455846a12cc88bf39,hjkgrp_molsimplify
1938,78d67adbd6ef0da72891dc96a3ab037e540bdc26,hjkgrp_molsimplify
1939,78d71da254406b7ff1d1adffea575ba4adbd0ef1,hjkgrp_molsimplify
1940,78dc32cc8ac60670b5b8afd2fb33942d73b11569,hjkgrp_molsimplify
1941,78e36c4af31ad6e242274c378fa6e296cda2d1cf,hjkgrp_molsimplify
1942,78e83515e0df70f872a103e4fd6f0514ca40abf7,hjkgrp_molsimplify
1943,78e9be1902314294f6b96ec25b2560c0bcb0d4d2,hjkgrp_molsimplify
1944,78edc260c059088ef051fa908b82308b30766ab6,hjkgrp_molsimplify
1945,78f4ba7162de44b06d68f2ed015dbae63e2d4c54,hjkgrp_molsimplify
1946,78f9c72c6716fa492a1df23988b8cfe2d7c3b36b,hjkgrp_molsimplify
1947,78ffdf23408df718497ad3a773a6d6ed1cb0f953,hjkgrp_molsimplify
1948,7900caf7c51382de01e241cc0b710a191225d6d7,hjkgrp_molsimplify
1949,7905c8c733a54042913172b87ac8e3b70a680c14,hjkgrp_molsimplify
1950,7909756cb55e5b3de35d0cd20787efbc518724e9,hjkgrp_molsimplify
1951,79272c199d4c67ccd4bcb43c2e11b57195d113c8,hjkgrp_molsimplify
1952,792fd74b493650b4f5a9efff7dfa9a4d06ce1980,hjkgrp_molsimplify
1953,793c4561be79c64800f2aa9b2c7ef4115c86be1f,hjkgrp_molsimplify
1954,79470cd50f2b2c4222352148554d8c761769195a,hjkgrp_molsimplify
1955,794c9a94b875cfbf46c1f8c912de58cec3a880eb,hjkgrp_molsimplify
1956,795501262d97495cae1bf774277963475724503a,hjkgrp_molsimplify
1957,796b2bc1a6712ef9b3a2f2a5250c844cdcd481c4,hjkgrp_molsimplify
1958,79718e1e45ad53552467f69b3d2f17e1005b3573,hjkgrp_molsimplify
1959,7973c2ed8e3549936c6aae0ef883063efdcfbf66,hjkgrp_molsimplify
1960,798108d6289bbd38ff738ce6a7b140c0889050db,hjkgrp_molsimplify
1961,799ae4dfef34e192d7f140605206b45cb37ee1b1,hjkgrp_molsimplify
1962,799cf5add4a86cb7bda4cdd967ebf16b883a4b5d,hjkgrp_molsimplify
1963,79a2006f93715abc810f24b8e61098b50370aa96,hjkgrp_molsimplify
1964,79a32df689e3cd64089b4978f85a583165b6d1cb,hjkgrp_molsimplify
1965,79b8b1ea0549c65e944ec3c90814c92bbb89602c,hjkgrp_molsimplify
1966,79cac14aed78ba5fd73c8617f5d5785988415549,hjkgrp_molsimplify
1967,79cd406d3cd68c647d8ce16fbdae6eff581fe036,hjkgrp_molsimplify
1968,79d6ec39d3148238330e21f947631ef117f92fd8,hjkgrp_molsimplify
1969,79d792ea79195100409f9753ff531e8863c5a9a1,hjkgrp_molsimplify
1970,79e0452994bba600c3f8366de8728af9e23f3861,hjkgrp_molsimplify
1971,79e23ed19bea90144c74193c7824f27dca48aab4,hjkgrp_molsimplify
1972,79eaffb3747df21fe68c8b57781a88a9d8b4459e,hjkgrp_molsimplify
1973,7a0769276bda93065409c51648344728e737b938,hjkgrp_molsimplify
1974,7a29b21347f2b5a766b2fe58f27c8395658bcb10,hjkgrp_molsimplify
1975,7a355f9ff21edf3d373a2dd2554cb644986a5b1f,hjkgrp_molsimplify
1976,7a3881603d186f68dbb0b8dea117fa3d1c62bbbf,hjkgrp_molsimplify
1977,7a443f17a8cf1551e7d7396de1b94e2e0aa7b13b,hjkgrp_molsimplify
1978,7a76bca8588e830cd2914453e00a0298528a97a2,hjkgrp_molsimplify
1979,7a86b9040e88e2248b5ab146f46dcd9feebb92e9,hjkgrp_molsimplify
1980,7a895ab1a4e8190a44c4caa58cf6c149ac1a33e8,hjkgrp_molsimplify
1981,7a89688cd5fbe702dddb5bb1022896c6cfd83d04,hjkgrp_molsimplify
1982,7a938be3f7134db2990aab0ac170ea25bf0b4b44,hjkgrp_molsimplify
1983,7ab1beaecb40bf93f0d198b238d69a6644a125a2,hjkgrp_molsimplify
1984,7adba0ae63e2acd81db871c36e63ec9290f47a2d,hjkgrp_molsimplify
1985,7adc77a900aeae0cad3b1171474f984e57f5498c,hjkgrp_molsimplify
1986,7ae89c72d1982acaf9c562501613e0890b5140dc,hjkgrp_molsimplify
1987,7af10554d8551533be864bda7ce12cec999be923,hjkgrp_molsimplify
1988,7b06745e401e7bd8ccd9c20dc11b20cf0f02ab83,hjkgrp_molsimplify
1989,7b2680b2d7a0fdafce3e3dad81570e91b92e9bdf,hjkgrp_molsimplify
1990,7b30a290390cb4329218ff805d9f9fb14d0ac0ea,hjkgrp_molsimplify
1991,7b404725bb43b47111b17afbfedff1f4c143dd38,hjkgrp_molsimplify
1992,7b496fa7065232dc0acafbce1abd4280b966b4e5,hjkgrp_molsimplify
1993,7b65957612344dfa10407b91950b738b9245a0e1,hjkgrp_molsimplify
1994,7b81049880686ae467572a12b69b5bcf8640af6e,hjkgrp_molsimplify
1995,7b88a168510cfe18db6899e103ac05338b6480e1,hjkgrp_molsimplify
1996,7b8a4a34a18ff099ebeddd015fa249ae226d0077,hjkgrp_molsimplify
1997,7b9404e920e617b155be60672ecd76812d38fcb9,hjkgrp_molsimplify
1998,7b9822560f45fb6ac0ded65aaeb4f00c672ebbdf,hjkgrp_molsimplify
1999,7bb2a5edb6ee35af15d312b55b4da3bcb0d882cc,hjkgrp_molsimplify
2000,7bbcfb079deb24733bc2594a1503a0914cd960a3,hjkgrp_molsimplify
2001,7bc704799579b723044cdbd701ca1a04b56f9549,hjkgrp_molsimplify
2002,7bcc0fbf65f3aacd18ae477448a7af91eacd66bd,hjkgrp_molsimplify
2003,7bcec73739321ede336db77f5ed47deee87f5084,hjkgrp_molsimplify
2004,7be21c7dc303b92132c5d7d703f6e65971fad4fb,hjkgrp_molsimplify
2005,7be48a458c0d7e8f5a110c65335e64fa0181ab9d,hjkgrp_molsimplify
2006,7beb82b51d30a7ba1707873e46bc5fa60c2b0387,hjkgrp_molsimplify
2007,7c0179274bc013deb978e9ef7a8007fe3947c048,hjkgrp_molsimplify
2008,7c0c48150b4e9719074883191b8063416a160c3e,hjkgrp_molsimplify
2009,7c1cf6ad3d9a50e5727514d0c277ece2329394f4,hjkgrp_molsimplify
2010,7c2116f001c0c18568c109e92430f1850cc3199b,hjkgrp_molsimplify
2011,7c25272eea9e70bed0b1f6e27f65e77fc2992034,hjkgrp_molsimplify
2012,7c3e54a12fe8f0b08a23ae13b39ee09ef78c3e5b,hjkgrp_molsimplify
2013,7c57b3d3df6aa0fcc21ec5651e574e3f16444422,hjkgrp_molsimplify
2014,7c6ee958211cefbd353e8b8eacc9489f0e2a1c51,hjkgrp_molsimplify
2015,7c70b82304edec7e416b04ac80e618a8feef2fb4,hjkgrp_molsimplify
2016,7c89253ae3dac73375505916210dc7322082b5e4,hjkgrp_molsimplify
2017,7ca292d8d44bc4ac7d7fc4ef5308abfed01e9395,hjkgrp_molsimplify
2018,7ca344e0d7071f9ade7e42da72d3cb0b17337956,hjkgrp_molsimplify
2019,7cbb6ffe131da295ce85bf0d6bb81faa43231530,hjkgrp_molsimplify
2020,7cbb8318aef6dd6c4693833f816b35fc3ad155e9,hjkgrp_molsimplify
2021,7cbe58ad001de22446714a81e159f8edcce6cab3,hjkgrp_molsimplify
2022,7cd7eb75a6749c20be7d30b13f9db4d3661dd956,hjkgrp_molsimplify
2023,7ce91df6b24f9c3e363c22de009f22eaf7941a76,hjkgrp_molsimplify
2024,7cf8fecb03056a5f7594c530865c5cc5c7513681,hjkgrp_molsimplify
2025,7d11eec9d9472576bacaccbacfc35c30324c593b,hjkgrp_molsimplify
2026,7d321596db540cb1f57fab46a74f31a5f36b2af8,hjkgrp_molsimplify
2027,7d429fb5aabf23823ea96d53874a64856c2b234d,hjkgrp_molsimplify
2028,7d4d1adc15524b1ee6685b79561ad65212072773,hjkgrp_molsimplify
2029,7d5f044a068e18f4e13f951d22fc26b2bc1b640b,hjkgrp_molsimplify
2030,7d870c725b78df3ded1fd42115f830b9b26187a9,hjkgrp_molsimplify
2031,7d8eaa74231e244cceda689ee77038ad879ce463,hjkgrp_molsimplify
2032,7d96dfb00043023d45d78585c0d3196d10df364e,hjkgrp_molsimplify
2033,7da3b498978a1faf10bf36ba964583c2a776b910,hjkgrp_molsimplify
2034,7dc6872c3bf0089c7840ac36aa3aa9bbc309ce03,hjkgrp_molsimplify
2035,7dc951046369d6c065928fc1d346bc3c506230bb,hjkgrp_molsimplify
2036,7dd60e7314bf230a461bee5801a224f3e6552ea0,hjkgrp_molsimplify
2037,7dd87df2a7f35ef5e71b46ad666c78c025a7968e,hjkgrp_molsimplify
2038,7de1df216e5098e38d857e8555b26e5b6206c329,hjkgrp_molsimplify
2039,7de73be6945ba01c9e9c33970ac02fae5ac85a43,hjkgrp_molsimplify
2040,7e17f8083e4916bf3b86058594ee4961dca4a85e,hjkgrp_molsimplify
2041,7e1812eb39dc6c3f4ec9092bc37fa80a5bc50a42,hjkgrp_molsimplify
2042,7e1c7e17b9d9544e4877a758dbb5f379d7441f1b,hjkgrp_molsimplify
2043,7e2839d237d0569aaa5739fa997efec619b46830,hjkgrp_molsimplify
2044,7e324f57d1e2b286e3e6beaf7ea347ece2a9360b,hjkgrp_molsimplify
2045,7e3c790292499585735f16f293f30459d3d42578,hjkgrp_molsimplify
2046,7e4213f84f39819a2bf06b5690551f6e3ee12ced,hjkgrp_molsimplify
2047,7e778233d2daabab5942a8cab888720ac2b3af34,hjkgrp_molsimplify
2048,7e80b47b59768de30367b3fc3b7ed3bdb6b7df35,hjkgrp_molsimplify
2049,7ebc4efcf6bcd85dec9a0fd50cd3e1e3b22ff8ce,hjkgrp_molsimplify
2050,7ecb4ed72baca24a70f473f7cb686f4edbeac6b3,hjkgrp_molsimplify
2051,7ed417a1d51d8e8c7fb6599d67883947654703ce,hjkgrp_molsimplify
2052,7edb24990604bf4daa75b5e03b15c1e8de56a42d,hjkgrp_molsimplify
2053,7ef779d9e49aacc387f7d89c9e6717cb90a4967d,hjkgrp_molsimplify
2054,7ef9d9fd829319c6a1290c730a4384a6700940e8,hjkgrp_molsimplify
2055,7f0d3389aa1b6b54532a5e3fcb9e7a95a0789099,hjkgrp_molsimplify
2056,7f2960049bfd1e00f3abc2111ff4b39a8389cdfe,hjkgrp_molsimplify
2057,7f4fd46236908a024f5d1f52c6ba2b4fdb8eb027,hjkgrp_molsimplify
2058,7f58ccb6678f7ac37533d0b53ce3b413ef2b9426,hjkgrp_molsimplify
2059,7f7b82ff043b82e48ba0b5f7ba0da7b7309d9d03,hjkgrp_molsimplify
2060,7f7ceb4ca27f3addda7399e69e787b1f5257a6e7,hjkgrp_molsimplify
2061,7f7f6afdb3e6bfdae8e09d4cd1ba993ec8c7a84d,hjkgrp_molsimplify
2062,7f961a0707715f3f01fe6248df8eb4b513dc7351,hjkgrp_molsimplify
2063,7f9794f65449aad917ee6e031f852fb19cf3a908,hjkgrp_molsimplify
2064,7f9b52516ffdb6324ce91bfac171456cb27633f2,hjkgrp_molsimplify
2065,7fa92d4849d6e4af232779622ed541995d6f5c11,hjkgrp_molsimplify
2066,7fbf9cc7fecd42f731fa3f221b934fa3fbdd4a8e,hjkgrp_molsimplify
2067,7fd2efcd3efdfed247f1bc8348b2b14f5737cb46,hjkgrp_molsimplify
2068,7fd623b86294f3fb24a4079e0b1c5e0c16620e1a,hjkgrp_molsimplify
2069,7fe0807919332970cd0858350e297a64b99337ea,hjkgrp_molsimplify
2070,7fe15f3a419ad894d5405817c28678c1b192213a,hjkgrp_molsimplify
2071,7fe55a8fc2d54e4a5f55b49cd486526f0ad717bf,hjkgrp_molsimplify
2072,7fe839a6256d7df9382934adb9da5572e369adf4,hjkgrp_molsimplify
2073,7ff991da3bf2a186ec8fef0f097c58a34d90453a,hjkgrp_molsimplify
2074,8046cec79bb4e845ca22bd0322613843e0ec1753,hjkgrp_molsimplify
2075,804e3e81fafb939feb9928ea77b965761bda2a31,hjkgrp_molsimplify
2076,80630d6b772df37c66ed044e9fc7e2bed3b853d5,hjkgrp_molsimplify
2077,806af0e5804ffee224f03cea0bc95b44b0814d63,hjkgrp_molsimplify
2078,8084ff211bd4dc26fa606b6e8e9aeac02020a20c,hjkgrp_molsimplify
2079,8092abef50a0a144f52c05630e95a67b7a7cb50f,hjkgrp_molsimplify
2080,80a39aa04c3afde61b86efe619862c88f5386523,hjkgrp_molsimplify
2081,80b9dbddb6ae44b034879a814b496fe8834a018a,hjkgrp_molsimplify
2082,80d1e88bad3c04f94c92280b4fca3fa74eef1200,hjkgrp_molsimplify
2083,80dafeb64c7a268b14151e36694232e3a749e74a,hjkgrp_molsimplify
2084,80eb8bb6d1acf23c4c6c4819706bf7382a971b86,hjkgrp_molsimplify
2085,8138c8ba3bd7d66b59aa4d27ec45d9e64d98be2f,hjkgrp_molsimplify
2086,814045053360dd3b5d344fd8b1ccfc7c92302464,hjkgrp_molsimplify
2087,814c288c2c446fc68dd3c909b45061a2fc9d4a53,hjkgrp_molsimplify
2088,818c9c659539a24d5f151a0dbfbc2d3bfd9e1621,hjkgrp_molsimplify
2089,819343a76db4ea3d787955956cc839981ed4a8f3,hjkgrp_molsimplify
2090,8195575fa96869542b9ee288f899ef9b159b9094,hjkgrp_molsimplify
2091,81a974c9f950e2da7c039072564e3f9120eaeaf4,hjkgrp_molsimplify
2092,81ac63585f62018d522d10bb76cabd828839875d,hjkgrp_molsimplify
2093,81b733739057138347d737a4d16a03660db738a1,hjkgrp_molsimplify
2094,81dbe106bc5819d2ebed28d74a72d621f8751da6,hjkgrp_molsimplify
2095,81de14ca43d941150f712ed45644f45895f2ea92,hjkgrp_molsimplify
2096,81e490b2d0b1d75554bbd713e71b46a1ab8b7429,hjkgrp_molsimplify
2097,81ea548514d5abe09f1cddbef04ad27ef4bb0ed5,hjkgrp_molsimplify
2098,81fa082a4d93c5c9315c7777d89be713309c0bab,hjkgrp_molsimplify
2099,8210165dd8a0acbd657cfaa0ded9aa6c6f2c65d6,hjkgrp_molsimplify
2100,8225851291093e9fac5e32692079eda5847db38d,hjkgrp_molsimplify
2101,822a1853b5a83a272870784e43979ff69743758a,hjkgrp_molsimplify
2102,8235f653c331d9fc1d4de594b7a35a76e7a057fc,hjkgrp_molsimplify
2103,8259ddf4898eb5df8fac2dd1805469c940cc4383,hjkgrp_molsimplify
2104,82605c6a9ec1d2f7853828ec7795db77073ddf94,hjkgrp_molsimplify
2105,82640c534fbcda70c71f1758893bf209f5317230,hjkgrp_molsimplify
2106,8268ec2c391526931cacc5bfb8c60f0ff4294363,hjkgrp_molsimplify
2107,826b83ba25c42edd8b54ca78c453e58abfc25c4e,hjkgrp_molsimplify
2108,827a3613aedf7d0ca07e95579f849d127ab4524d,hjkgrp_molsimplify
2109,829296993494ad6c25c65e179dfc1d23c06a00e7,hjkgrp_molsimplify
2110,82ad045f1b8bf2d3d5ff7f8f6283c6fbb4d5218f,hjkgrp_molsimplify
2111,82c82896b1080e756348e75d60a54831af71e1df,hjkgrp_molsimplify
2112,82cd0bed6546f609d2d17285c019b5e593cdd4af,hjkgrp_molsimplify
2113,82da89f214012d4f00216f28bdca3652f69e4ac2,hjkgrp_molsimplify
2114,82dbed263a68bc7122fc794ce075d971b6350237,hjkgrp_molsimplify
2115,82ef55135efa8e13c676186a597c6b7351c61bee,hjkgrp_molsimplify
2116,82f095679acbb94d6295ef3a2b7ceed61bbcad6b,hjkgrp_molsimplify
2117,82f602ac884c22da9dc8e75d7ea51a11a1af90c4,hjkgrp_molsimplify
2118,82f9b1cd1506a90391321ee9cc34a8a041098863,hjkgrp_molsimplify
2119,82fb14202755e4c81719bb831d074876ab1b39e9,hjkgrp_molsimplify
2120,83037a296bddd328dcf846a090a87d89a2945134,hjkgrp_molsimplify
2121,83050e1b1d88a44a455f10727e5f1f12440f95d3,hjkgrp_molsimplify
2122,830aa9d19ba0c20c005d7663685b6e7d6e2c046c,hjkgrp_molsimplify
2123,8317369f27ba47cbc07e9bd30c6eecf0356d25ce,hjkgrp_molsimplify
2124,831fb42b8474b6e109d8ec679517137e0925a8bc,hjkgrp_molsimplify
2125,832c7f25330cfe19c9a8c8847a05098d527c3175,hjkgrp_molsimplify
2126,833091f08bb34e61dc8159d4dcbacb7a73a2911c,hjkgrp_molsimplify
2127,833ba901d35c134dca8220a1488533ece1afd473,hjkgrp_molsimplify
2128,8346243dfba88b8fa6d81d6adf7a654b126fb8f1,hjkgrp_molsimplify
2129,838f388a659ff79ec677a56d91336e35be1c87cc,hjkgrp_molsimplify
2130,83a81eb5d390a92ad8d8b5e0f0ba6e2ea556dcdc,hjkgrp_molsimplify
2131,83bd08a5f6ff455b4c34c2d90aa8962c3360810d,hjkgrp_molsimplify
2132,83f5f9e7579b6d59d079da0c92364d892279a2d3,hjkgrp_molsimplify
2133,8405b1cecd30e98d89a4810224fd7e8e13f7fc6d,hjkgrp_molsimplify
2134,841822ae0046955cc215ebdfd519ac9d39ad6e15,hjkgrp_molsimplify
2135,84379586e98250fa28a1466df2a6c2249e0b0f2d,hjkgrp_molsimplify
2136,8453fb44eeb65a55e763c210f4e90f174d3f0622,hjkgrp_molsimplify
2137,846990f5ae37173a366c2f183bdf506b7a78a473,hjkgrp_molsimplify
2138,847899b631c30aa037169b817e5650b50a0e59de,hjkgrp_molsimplify
2139,8490043240cbb7a25f3330c2978e46c43f22cf37,hjkgrp_molsimplify
2140,84a423650f18d9ad7c13f1b228e57c2b967293bc,hjkgrp_molsimplify
2141,84b9dd704843e5a740627eb11cc67c7451771225,hjkgrp_molsimplify
2142,84c5400eefd5708c296c6be41ebcdf2ca7c416df,hjkgrp_molsimplify
2143,84d56c065b2d237102c4f841ca3c4cbd9cb66671,hjkgrp_molsimplify
2144,84de091586b76973f92e65f67f021bd00697bd3d,hjkgrp_molsimplify
2145,84e3538ff28fc33722afee17c293344b7f14c22a,hjkgrp_molsimplify
2146,84e5437db33f3e8454e2d369702848b9c35e0b3e,hjkgrp_molsimplify
2147,84f17411c403062bcbfdb737c0c032d89eac85d5,hjkgrp_molsimplify
2148,850776cd3e1063d90667066d81d7f4843c5af194,hjkgrp_molsimplify
2149,850899db901e980d7a62fe4cf23ba8a452ddf446,hjkgrp_molsimplify
2150,852b54ad6fb5c69ceb634c373b541d8cd5541f1d,hjkgrp_molsimplify
2151,8533f8f107a09e224396373092d060797ba3e59e,hjkgrp_molsimplify
2152,853a899c2d8d59e0144dbebe510f6d5a0d485f0c,hjkgrp_molsimplify
2153,855d2fb2fd596d387eb7babdac12305c4e8be319,hjkgrp_molsimplify
2154,855db6b4f160b9702d72bf9f34971498096bb002,hjkgrp_molsimplify
2155,85624d043864711ba28fab16e22756a9f284370f,hjkgrp_molsimplify
2156,8569744bc1e092811549c9cb6bfc22b0e9986da0,hjkgrp_molsimplify
2157,8590eb24b22f83d9d47b9de70cdb60e7517be73a,hjkgrp_molsimplify
2158,859698c2c4d2a8a033069b556fb6cfe625b492a5,hjkgrp_molsimplify
2159,85b1a7bb44cc9d7e4c7154b8861ea555d326f179,hjkgrp_molsimplify
2160,85b6fad99439d60eeba4bbe24d5b83e9f09a97ea,hjkgrp_molsimplify
2161,85d444a2172f1a31403c8c29210a5ee90691fe44,hjkgrp_molsimplify
2162,85dd1ded04db22f1d5a4072154b42ff4457d7dfe,hjkgrp_molsimplify
2163,85dd8b39fd711760498876bb689c2b9555453f7d,hjkgrp_molsimplify
2164,85e170af144333496b6acbb07ff71101601b45ec,hjkgrp_molsimplify
2165,86075495327d8158606171a93078b6cd124f8cb1,hjkgrp_molsimplify
2166,86080aaac7dac62bce8815242b75fa1cf0582a0f,hjkgrp_molsimplify
2167,860e864c0fda46dbb07469b285da96312f692d38,hjkgrp_molsimplify
2168,862abcf3fc6500810d2cee51c3f8dea9e0c5b2a9,hjkgrp_molsimplify
2169,86330879b2028d0ab10c35544ecbdf7bde51b271,hjkgrp_molsimplify
2170,8676dd202e59308608b4ac0864c05779f0db2fc0,hjkgrp_molsimplify
2171,867ef1efba14c9547df1955b9e0c7368eccd53c4,hjkgrp_molsimplify
2172,86907dbbdb29b34c4c89c9e15a2aa32d586df2a9,hjkgrp_molsimplify
2173,869332580731744f46c83a1d2069b08da81bfa4b,hjkgrp_molsimplify
2174,8693980326f08e7c419316c77f9b6750fed20067,hjkgrp_molsimplify
2175,86a02a359db0c1fcfd003bd7fc4049dee2b43e15,hjkgrp_molsimplify
2176,86b430dc7fd6f2c9e5ec7f60c8714b70375fe507,hjkgrp_molsimplify
2177,86de1206c4769a3fdb0202e439791d8e293d5148,hjkgrp_molsimplify
2178,86ebf0e6917fc40c39dbdcd61fefd47d1ee4481b,hjkgrp_molsimplify
2179,86f7dc12635af7c8c78cd507d26c1b0682c02cf3,hjkgrp_molsimplify
2180,86f7f6d4309b89afc1c2fda2612dabf2233f2e28,hjkgrp_molsimplify
2181,870658c21bbb9c46bf98b04fceaccf3e0ff6228d,hjkgrp_molsimplify
2182,8715e7c48f67440bf8df57f737063c093858f9b2,hjkgrp_molsimplify
2183,8722111e2b78fe871c49ad35f252edac6d9a9e8f,hjkgrp_molsimplify
2184,872db0b029f651654fcad5fee6605c21136f659d,hjkgrp_molsimplify
2185,873053b267ece2be082fce4e6acbf2ed59a735ad,hjkgrp_molsimplify
2186,8735359acd5903735895d48840f2006205d2385a,hjkgrp_molsimplify
2187,8744b61f38d1c82b6def5008e78c544da67ba20b,hjkgrp_molsimplify
2188,874d2af212c343f0ce788f11aa6d74e144d3f78f,hjkgrp_molsimplify
2189,87593b21b38ce47b5cc1b8652e05edc6e8831e60,hjkgrp_molsimplify
2190,877481dcc9e61557801fbaeb442dd2a9b2bf719d,hjkgrp_molsimplify
2191,8789a7ccfc6be0377d8b3171fc619a47679e54a1,hjkgrp_molsimplify
2192,87a88e370a2c54e0f85187e48eafa28792b57167,hjkgrp_molsimplify
2193,87be07c562fb1cfb0171de21dac2d4e85668b962,hjkgrp_molsimplify
2194,87d269594b2b1336cd10a40b59ecd1ebe70160d7,hjkgrp_molsimplify
2195,87dc92c85b06629d4d0e178167f66ff6f1fe26ce,hjkgrp_molsimplify
2196,87de8f60f22035d4463ada62f3a46d4c1719201d,hjkgrp_molsimplify
2197,87e7ccb8f823a11f3e1f88c56fe7f9bf7696ab60,hjkgrp_molsimplify
2198,87f5d5ebd11b184e620a4fcc1eb5997e20a14b84,hjkgrp_molsimplify
2199,880b37bd481a5baf7cafc1ada94ae1cbe49287d4,hjkgrp_molsimplify
2200,8811684c830d0214a40b6ba40b994dddb785c706,hjkgrp_molsimplify
2201,8811b54d1c5fe604be6c05b96776632aba580750,hjkgrp_molsimplify
2202,882663f0c0900f1404567d27c004052d2f8d74c8,hjkgrp_molsimplify
2203,882ca008cc33bdc0e3a67e671fce1510ae63d0b2,hjkgrp_molsimplify
2204,882dbfff186046cf2e4877ae8e8d9ed71ee1b2cc,hjkgrp_molsimplify
2205,882ec26b23995b6f77db38ddc36ea4229a96941f,hjkgrp_molsimplify
2206,8837e7125eb23d05e986cc9e839842b6faa5307d,hjkgrp_molsimplify
2207,883e34e25402b5583b94ac750a7d9a1a8572bc5a,hjkgrp_molsimplify
2208,885ebd58912bd1ec2a91ab5fabce895af9cf9c98,hjkgrp_molsimplify
2209,887aff25d25f726bf593ea9cc9bf45300c67752b,hjkgrp_molsimplify
2210,889970b5814b23414786da686f6bc8d434fe213e,hjkgrp_molsimplify
2211,88d405057cee8943846be4d18deacbacf7fc7f7e,hjkgrp_molsimplify
2212,88ddfff7f6d6d72a141117f77a150c7843097082,hjkgrp_molsimplify
2213,88dfecde275f0a15312d607c07d3f1d841e80442,hjkgrp_molsimplify
2214,88f8e88a80fb7c6d8b95e77647c5dad05eab4ddb,hjkgrp_molsimplify
2215,891afd6cb6ffb81507ca6013818fe54f2d85e669,hjkgrp_molsimplify
2216,892c48f4a183542ee48998dd48ea4243d8e83e7b,hjkgrp_molsimplify
2217,8933b54d3d98446d42a24c761d9bd291a4fbfd14,hjkgrp_molsimplify
2218,893a3c8fe109277d02f6809f7fde7fe11adcb1d7,hjkgrp_molsimplify
2219,89435642dc7ef925d731fbe7dc31e0aa8413144e,hjkgrp_molsimplify
2220,895975e105b27911b19102b21e251d59ca3b233c,hjkgrp_molsimplify
2221,89759bd411bb3b44dd861266462a81664b09fb34,hjkgrp_molsimplify
2222,8994b650fc6e612bcbe1b144bdd60a4af5de6156,hjkgrp_molsimplify
2223,89b98e17de2fd476cbc1c0113364bd2ee33551d5,hjkgrp_molsimplify
2224,89ef1154256ae0790ad07a7ea910cbc16960bd9e,hjkgrp_molsimplify
2225,89f0677d6c05756dd5f328991873c395086fed44,hjkgrp_molsimplify
2226,8a1458349ead8cead8b9a449e6b74c6246033dd1,hjkgrp_molsimplify
2227,8a353472b8b6bd5ce052808ea70a95ecd55d9b9a,hjkgrp_molsimplify
2228,8a3739e45752f6633de548a0a29db5c8dba849b1,hjkgrp_molsimplify
2229,8a5bc62af055a64ced113c21d1222699c23fa878,hjkgrp_molsimplify
2230,8a6a31aefef53b141e070923ae97162440eaa345,hjkgrp_molsimplify
2231,8a6ae3293736fee87b512f07ef03bf01530824b7,hjkgrp_molsimplify
2232,8a7c01bea6b78dd574738a359d9fe36c553ee147,hjkgrp_molsimplify
2233,8a8b5fee55be768e65092d5d1499d7fd8d5d41cc,hjkgrp_molsimplify
2234,8a8b87c92c7b190cc9e7c81b1685492992031961,hjkgrp_molsimplify
2235,8a8d9324f8615f8e7479d23a3f6ce33e71d98dad,hjkgrp_molsimplify
2236,8ab88cf74af674a9aeda922a31882b1feba9b72f,hjkgrp_molsimplify
2237,8b0842824e43a20b2516eaed728fec4f41fdd219,hjkgrp_molsimplify
2238,8b0b850ae6578c9264a5e1a51e8b389bd9c1ef62,hjkgrp_molsimplify
2239,8b1db11e99a9713cb75530123f12e388af8c7bd1,hjkgrp_molsimplify
2240,8b1e125a25bee9d6b4e7a3f392299bf02c7078af,hjkgrp_molsimplify
2241,8b24596d284662ce5358f357684a8c361a48aa7c,hjkgrp_molsimplify
2242,8b260cfc2766624b7804f0fcf1e96daf8928cda7,hjkgrp_molsimplify
2243,8b2661c90d0a4e9cf1d014af61f8ad6a9a50da2b,hjkgrp_molsimplify
2244,8b2a6457f3ae317888782bb411afcd35c7c61d61,hjkgrp_molsimplify
2245,8b69f141acb8b9a909dfc4743d78ec0db2d5513f,hjkgrp_molsimplify
2246,8b6ff9b34fd29e8b3431d02cc2e77ad10d6beabb,hjkgrp_molsimplify
2247,8b736d861943caf6c1dbc75b01bcc27e81a415cd,hjkgrp_molsimplify
2248,8b88ad77fb2d66b29a68504ce80052215ddeef8f,hjkgrp_molsimplify
2249,8bb4839b70863a07e44bfe0852a7997b218a27e4,hjkgrp_molsimplify
2250,8c0b4e6bb78d7f8a1adeec44c53feadd9d3e108c,hjkgrp_molsimplify
2251,8c13063c781d35814c581e0c38b7624050be2ab4,hjkgrp_molsimplify
2252,8c3806b8a1aba43195ad4d269b74c6713622c43f,hjkgrp_molsimplify
2253,8c414b357d3a945207ae235281c7a9ea7a9f66d9,hjkgrp_molsimplify
2254,8c540568d124f9e08b3a18c2fd1520a64d9f679f,hjkgrp_molsimplify
2255,8c71b97136db13e5849daa018e145ea6f4fdd902,hjkgrp_molsimplify
2256,8c77e104372f7bc5d0efee45de2e8fe50ba7854d,hjkgrp_molsimplify
2257,8c7b108511b06efabc785e11d7b0dca5a48d2e4a,hjkgrp_molsimplify
2258,8cbd05506e4cecb9f88664f419066cd418b907f8,hjkgrp_molsimplify
2259,8cc9566312e2f837ecfab8a69ea6bc3d4ddbdfd6,hjkgrp_molsimplify
2260,8cd93e49765b6197eb8172157fb1b6245d88a06e,hjkgrp_molsimplify
2261,8cfcbc5f79dc960ecfeb279dd865bec2ecfba957,hjkgrp_molsimplify
2262,8d03233f2059b51792e15290a94e72e0db95dae6,hjkgrp_molsimplify
2263,8d34fe74f7582af5e4231e0189530d8663661075,hjkgrp_molsimplify
2264,8d3b3609aa5414c679c4161a7186b8aae6bd0563,hjkgrp_molsimplify
2265,8d6f08b9ccdb005dd0e567155395a703b03c0f1a,hjkgrp_molsimplify
2266,8da0fce262ffee387adef5afac2a9caa1c403be8,hjkgrp_molsimplify
2267,8ddfea961f2455e054d6065647401da9836869f9,hjkgrp_molsimplify
2268,8decd57d3d5942b84ceb0301cc1da08c9b673616,hjkgrp_molsimplify
2269,8ded31e8314b82f2834796735dc19b242afafdcd,hjkgrp_molsimplify
2270,8e0a36d62eb164c6b5e2b65ec56529491c21eece,hjkgrp_molsimplify
2271,8e0e119e043b5916102614d6adc75ea6908dac20,hjkgrp_molsimplify
2272,8e0f9f47781b2d4b97b137326e368dc2a006b472,hjkgrp_molsimplify
2273,8e2300ab16464fb06743af9cb5f82ee67f1fa001,hjkgrp_molsimplify
2274,8e3ef5c6fb51bb12984f95d641ff2cdaf89eb3fb,hjkgrp_molsimplify
2275,8e47dca5d4601dc30a15013add661ebf279a98d6,hjkgrp_molsimplify
2276,8e65f3b38d341db57cf794392ac08a594b359a83,hjkgrp_molsimplify
2277,8e72cfafbae3217f417af0dc0ddfbadfce1b931a,hjkgrp_molsimplify
2278,8e81ffd2fdaaaff30cffce403c8ce95f6e3e5673,hjkgrp_molsimplify
2279,8e882a9016038fd6d33ecd417aa7509ed2d518e3,hjkgrp_molsimplify
2280,8e904feaf70e9e703425933885491f391bc1c19f,hjkgrp_molsimplify
2281,8ea8f404ec5d1818ce82d861e2526f67a23295e3,hjkgrp_molsimplify
2282,8eb33dbb2338cf88f5dd0555dbfa6b82c3becff9,hjkgrp_molsimplify
2283,8eb4dcb29927c8280e0c25c7dfe73f2733fa2f14,hjkgrp_molsimplify
2284,8ec18e3be42eb4edc9e305f0592cc3fc077d8f34,hjkgrp_molsimplify
2285,8ecc724f181d8c5bd5b7289dc39f876aad1eea05,hjkgrp_molsimplify
2286,8eccb127c9f8dbc574293f51825c0df21428c7a8,hjkgrp_molsimplify
2287,8eed12686ceca0462094a2e32690bf9a6217d9c4,hjkgrp_molsimplify
2288,8eed603e338ab99b7508955cdbc17c68737f4e97,hjkgrp_molsimplify
2289,8eef097a476095a6dc417edd5836a72c21dca47c,hjkgrp_molsimplify
2290,8f0405daeded9fc8534f68589b7c274d228d31c8,hjkgrp_molsimplify
2291,8f38386d5fd8c21a43f3ef49f44ebe287224129e,hjkgrp_molsimplify
2292,8f3ed8fe1c51f6c291ffd11e1ac5e484604cb805,hjkgrp_molsimplify
2293,8f43c065f6888a9a7c5a1e3f8357244361305b74,hjkgrp_molsimplify
2294,8f546aa324c8596ec1f126b99f6ae6f631070a19,hjkgrp_molsimplify
2295,8f57c642c3cf9b5d9ebb2cf1ae36d63019c230c0,hjkgrp_molsimplify
2296,8f5ccd5c1148508036eb7ad9eeee0fa4f79c2c90,hjkgrp_molsimplify
2297,8f738def8fb545527c31374477173f0ba546d824,hjkgrp_molsimplify
2298,8f74a5c1c04a89ff2ff027aa02ddcf6e8af07c05,hjkgrp_molsimplify
2299,8f7bc4475660a7d39f4c7812985032591e46c9a8,hjkgrp_molsimplify
2300,8f856964f3559fb9a5815614da2581f9fe96fb18,hjkgrp_molsimplify
2301,8fb6be68ef09e3d57dbf6e1e74e9c6e24b155387,hjkgrp_molsimplify
2302,8fc50f69dbe1bbf04c28ff9f8ed9fd3221792205,hjkgrp_molsimplify
2303,8fcab079a23f25aa75ed5917a2038d2ebf7d4888,hjkgrp_molsimplify
2304,8fd48e17c0d3f1bad4c809fb10cad0c00344578b,hjkgrp_molsimplify
2305,8ff4fbe14296d9b1228fd0a6f7b75c83ecb8b3b6,hjkgrp_molsimplify
2306,8ff582c66e990499416bc97dc38fdb55eb83c79b,hjkgrp_molsimplify
2307,9015b8292f51632f5b4c7af4afdefadbdafe5b6d,hjkgrp_molsimplify
2308,901a5459608b632b2c31aba90fe63d5a101e7a53,hjkgrp_molsimplify
2309,902e64d06f9981a96c03d68141f3ffb37b48f621,hjkgrp_molsimplify
2310,9034a656ef13a75b8e83ad3f13388f17b8f8b22a,hjkgrp_molsimplify
2311,90355654aedfb6eb55fc5516870badc0cb7cfe76,hjkgrp_molsimplify
2312,903de95761871ca35d62b445374d75a885b34689,hjkgrp_molsimplify
2313,904fd359fd09e9cd27923c549511e9d2d8d5c8ba,hjkgrp_molsimplify
2314,9056987e452528c74af1f09043d5514974d3372c,hjkgrp_molsimplify
2315,9066455c5b66ca4919e4afc23cb0ba009d7ff48b,hjkgrp_molsimplify
2316,906a8410fd816148895f4c4daf48feee94995013,hjkgrp_molsimplify
2317,907a064dd556c7e1e86db7de414b2d42ed96cc34,hjkgrp_molsimplify
2318,90854e153ec98dac6f27a3b5f2924b1e30e09f55,hjkgrp_molsimplify
2319,908b677a0e5afa99420f955a08e7db324ff4eaf2,hjkgrp_molsimplify
2320,908ebfb5244929c74b54a5ed92fa2932ff636a01,hjkgrp_molsimplify
2321,90c6f55f579c4b9df99df6e63b37cc2d5dbbcc97,hjkgrp_molsimplify
2322,90c96116ba267aa867bdd0a55690cb3d3285d8cb,hjkgrp_molsimplify
2323,90cc9a616f537726658a45b7be43382b059b10dc,hjkgrp_molsimplify
2324,90ce8151a7d12d150a245caa37d6d65eeb077ae3,hjkgrp_molsimplify
2325,90fdd1ba75c96ca80d6b2e86e434ec583f8545c2,hjkgrp_molsimplify
2326,9114e68336b2c44ad704dd138a0b5bf9067c77c7,hjkgrp_molsimplify
2327,9120972ea2e7f95ce2b44beafe9f2aeea86480ea,hjkgrp_molsimplify
2328,912f5fde6b06dae7b3b269e7e6b96ac6b355ac59,hjkgrp_molsimplify
2329,9152560d62909274b16aa4e9c619951dfbfe63dc,hjkgrp_molsimplify
2330,9152697df45b43933f1c7088c1f6ebb89c089383,hjkgrp_molsimplify
2331,917bfcadf9ce5b8c9d4c952ab70763058a33edad,hjkgrp_molsimplify
2332,9184b58329754d43f89879e4dd5337e0b2b5fec0,hjkgrp_molsimplify
2333,918bcc8146e82df59bc1cb88f1b3e7dbd313b040,hjkgrp_molsimplify
2334,918c3b7a5587f7798b235bbe81e0bbd657d35abe,hjkgrp_molsimplify
2335,9194b0e7b91abe98a32d4e24e29956f762b6afae,hjkgrp_molsimplify
2336,91bf6eec034e16e1d64762f6e89f47a304ba3a29,hjkgrp_molsimplify
2337,91cc41cb5ef0053b3365e71e7bc03a494a6bc5cb,hjkgrp_molsimplify
2338,91d0b45a9ed4bcea6623cd43b3a6c4aa4417efd7,hjkgrp_molsimplify
2339,91d3fa80737f04923a8c0ab1e5299114b098b5d5,hjkgrp_molsimplify
2340,91e33132d6cf21545f371b269bbf82cbefef631c,hjkgrp_molsimplify
2341,91f8cf056b4935a77ec0bf3f033c1b56358bc201,hjkgrp_molsimplify
2342,9201e978c54cb4c469790c487f1e254dcbbd3eef,hjkgrp_molsimplify
2343,9203f21af8b8ad24a9afa43e02c0900447f6d74a,hjkgrp_molsimplify
2344,9233c81502a31cab415fcca85270639948b8547d,hjkgrp_molsimplify
2345,923c0300c2fa5dd6607eb0fd437e3f41bbf83ba4,hjkgrp_molsimplify
2346,927048fc5170a66364e39f37ed4c5658b0be9597,hjkgrp_molsimplify
2347,9271e628cfc044e4bf6f7d67f57f9df7059cc598,hjkgrp_molsimplify
2348,927e2feab601688f43ebc4d0aeebf6fc0c631afb,hjkgrp_molsimplify
2349,9296035e8a1a2a206e2fa52943b6987cfc6676ae,hjkgrp_molsimplify
2350,92bfe787d9f8f7146515fae57a42595499de51c3,hjkgrp_molsimplify
2351,92c9939e1b9975c220f9f02d14844ae8b22e0cb3,hjkgrp_molsimplify
2352,92ca8ac5f6ae9157554b24347be609fcaeb2e3e1,hjkgrp_molsimplify
2353,92ccb64a90688d1636a82e576e45b389287ee774,hjkgrp_molsimplify
2354,92dd32109aad290b2e1efadff04bc6c21b4ae456,hjkgrp_molsimplify
2355,92dfbfa473a053a97795b9f028b82c9bf2ca8832,hjkgrp_molsimplify
2356,92e4b384c0ad11c4a2700fe06184f6827207efd7,hjkgrp_molsimplify
2357,92eb26f3ba8838174a37e794c044a18147b3e918,hjkgrp_molsimplify
2358,92f631a6fb544762728308690eba02dc5eb9813c,hjkgrp_molsimplify
2359,931a77fe900ee6d00eddd97d48b666c213cf4c17,hjkgrp_molsimplify
2360,931cf65ca276606b6954c823cf7305353611311d,hjkgrp_molsimplify
2361,93448a2f91961591b2e68afcd44eaeec3df8a4d9,hjkgrp_molsimplify
2362,93472a691129a4468c9bd571ac1973766f8db312,hjkgrp_molsimplify
2363,935e657ff7b05c56b045622f80d0be94d85e19c7,hjkgrp_molsimplify
2364,9372cc581110c5a248005e85be253097badb2fcd,hjkgrp_molsimplify
2365,9378d277d32025c32bad1eb7d0e497bbb02bad7b,hjkgrp_molsimplify
2366,9378f7448de0fbe7bd7eb99cd0a6c3a15d3b97cc,hjkgrp_molsimplify
2367,9388e91ccfdf2674ba1d675314359aa4659ba305,hjkgrp_molsimplify
2368,938f602b0e5b563801878042b1928a05bb104639,hjkgrp_molsimplify
2369,93989c16a629f8f2379f2bd21f244f347d02829e,hjkgrp_molsimplify
2370,93b39b515effb808f806fa4f8cfd2d2ed7c6261e,hjkgrp_molsimplify
2371,93d9d3ce0e64827d0536065bafcdc077cc95a62f,hjkgrp_molsimplify
2372,93f11991b41a45a4c03be009fb3720f34f4de868,hjkgrp_molsimplify
2373,93fbfe228e253342b34ea8b4a12ceaffebee768d,hjkgrp_molsimplify
2374,9433c5c0edf7ff682e7625df9994435a85c29c3f,hjkgrp_molsimplify
2375,94462bfba58c0d2645cd519d4ee97ed605701315,hjkgrp_molsimplify
2376,9447afd282dd4e59905b61398467e07f26f24e8f,hjkgrp_molsimplify
2377,944f9c6f486e460ce0e44707ff197c431286e862,hjkgrp_molsimplify
2378,94562def7a60a4d3718b0c21db0228e0e3995178,hjkgrp_molsimplify
2379,946d3c8c4b0c21dae9d773aa37a90dad898ff33f,hjkgrp_molsimplify
2380,9481fd800a6ad115816c58400bf5c3320610d104,hjkgrp_molsimplify
2381,94873ba3d98d59f5a2710686e094b476840d679a,hjkgrp_molsimplify
2382,9487d752a66c25470700b9184ec7c2515e561f72,hjkgrp_molsimplify
2383,949fc1bb51360f5fe2e173c363d83ed6e7e8f8f0,hjkgrp_molsimplify
2384,94a3571c5ce86374f69aa64d75bdf6d6e1b58fdb,hjkgrp_molsimplify
2385,94c328ec591974d44115a13d2d50201bf2d30b0b,hjkgrp_molsimplify
2386,94cf014b57ec0a81ad8068a005e4bbb331dcf820,hjkgrp_molsimplify
2387,94d2e8ebdfe19bfbbb5e6e2ee140478a1067c518,hjkgrp_molsimplify
2388,94d3e939ea43387374f23ee2b094aeda464df190,hjkgrp_molsimplify
2389,94d7ca777f4aad70d99972e15b2244ac52e333a2,hjkgrp_molsimplify
2390,94eb32013663ae878f3e660f0e6cda8c24f58551,hjkgrp_molsimplify
2391,94f75241fbfa48ec4126a112910213f10f967256,hjkgrp_molsimplify
2392,9502bdefb536f56735a03170fc716e3172b9a07a,hjkgrp_molsimplify
2393,95098adf478be1e5d53be087475eb35a8ce0373f,hjkgrp_molsimplify
2394,951e0f907e9a161683823856b14e1f36c9a1d0ce,hjkgrp_molsimplify
2395,95403e2fedcaa9399daf4ef06918834732a57774,hjkgrp_molsimplify
2396,954dd78bed8090f7e02b9eace3e569daf86642a1,hjkgrp_molsimplify
2397,95523d173a86d16b29b5f74054ddd4503aff9eb8,hjkgrp_molsimplify
2398,9567a57f06d11d65bdb8f7d10ed73a456a84832f,hjkgrp_molsimplify
2399,957cb984db5574a55bc18cfd64fcf7b74086c311,hjkgrp_molsimplify
2400,9583be285b4e78a14380089a1171f9e7f82de27e,hjkgrp_molsimplify
2401,958e588530001b36a92e8a192b5f2c0b5e889668,hjkgrp_molsimplify
2402,9590b51bfa760bc37289750278be77dd18f906de,hjkgrp_molsimplify
2403,95966c7954b5e1d2da4aad6d7cca94f1a0bf2930,hjkgrp_molsimplify
2404,95a998666d5d95a066400e705de09cb7fa164141,hjkgrp_molsimplify
2405,95b185b9cfea907dba2aa5c8a1ff894a9eaf7a18,hjkgrp_molsimplify
2406,95bb5744acb5d8996c2f6d09141eebac06576bd2,hjkgrp_molsimplify
2407,95ceb3e281df62e9058fae1a5cc4e3d8679c5e45,hjkgrp_molsimplify
2408,95efe0156332982e4b26674bc45f71db2858edf8,hjkgrp_molsimplify
2409,95f323fc40372a4aae3fb6e1ad7e8162b4d9233c,hjkgrp_molsimplify
2410,960e8e0950281c7abc3348df597bc9a6d54b10b9,hjkgrp_molsimplify
2411,9626fa027ceb22807cde252002e1b494c611fdd1,hjkgrp_molsimplify
2412,964802c60661ef5e104fa037c1358aba2e13d372,hjkgrp_molsimplify
2413,964fc3dc1dea8c75a6a6428b4ded64059fbaa4a3,hjkgrp_molsimplify
2414,96664f0b950c541b0c541d6df8e2176c1c82f285,hjkgrp_molsimplify
2415,968dbdaff9c4f42893ecbf19cb3f1dd02616961f,hjkgrp_molsimplify
2416,969e04a579028ec04523bf01498fb4148ac389b7,hjkgrp_molsimplify
2417,96a9b3998f29e4fdbf0bc7de3d13752579872618,hjkgrp_molsimplify
2418,96aa2a9eb29ccff4c94be2d7921ae436fa9c0ce7,hjkgrp_molsimplify
2419,96abb83e84c28b3f13dcf75870a43e1aebe954b7,hjkgrp_molsimplify
2420,96bc139a68f2f4e874a4b64d63a20e5ddb1df4c1,hjkgrp_molsimplify
2421,96e28ecea4d88dcde389c38ff3d1f169924ff383,hjkgrp_molsimplify
2422,96e6e815b4491c08d93403d397c21f5040ff6db0,hjkgrp_molsimplify
2423,9706e1078c8ad94e993bd88b3ff532eec83b16ea,hjkgrp_molsimplify
2424,97201ddb6da89ffbea0d32bb1cc8dc3ac81a5f13,hjkgrp_molsimplify
2425,97265e693c3e3181bf4c00fa26686c9b22964807,hjkgrp_molsimplify
2426,972c9e82ef381e00c8a7220606c954dbdb71b2db,hjkgrp_molsimplify
2427,9737addf6303a615c2e3ea9c35f631be41b21b8c,hjkgrp_molsimplify
2428,973b55d5d87237a235b3e7a4b5f7bd12d25ad8b6,hjkgrp_molsimplify
2429,974e697a9a4f11e6d1f85fd5ab5cc983b82bbda7,hjkgrp_molsimplify
2430,977f7f89e6231e26fd2c1ddcc1510e32c4c62d68,hjkgrp_molsimplify
2431,97889c8daefd81355d4899ccb52854ebabeeecd5,hjkgrp_molsimplify
2432,97aae6aa47891e22435da9af803760142990cfa2,hjkgrp_molsimplify
2433,97aebadad23bd41950b737cbe233874e75e099ba,hjkgrp_molsimplify
2434,97c39d43197c9e3f49674aeb5f2feb71a05d681a,hjkgrp_molsimplify
2435,97e8cc365bcdafed620554a0ffe0bfe1eb5c7cf0,hjkgrp_molsimplify
2436,97f440c518b4cd06c3e9bab3fc1da428c1fabd3b,hjkgrp_molsimplify
2437,97fa9a7808d9ae61abb89068b3a4dc73aa2442ce,hjkgrp_molsimplify
2438,98098eeb5f2a88689f77d42745e6eca546eabe62,hjkgrp_molsimplify
2439,98158df8b5554274ad1ca28c2c9d6fe2e7ea9031,hjkgrp_molsimplify
2440,9817494c509445b05cd55e3d0c4f66e0875f69b7,hjkgrp_molsimplify
2441,98176aa54d5d5e4ee2d88eb3914b50208212836d,hjkgrp_molsimplify
2442,981c967f5a9ca558965242a2002a8c42987695be,hjkgrp_molsimplify
2443,9841959f7d186c80cf35f31bc60113983bc242df,hjkgrp_molsimplify
2444,984c1c68a1119a12a9818144b3c4038c0b29e066,hjkgrp_molsimplify
2445,984cf4f5c49220b602e106842e633262525f8577,hjkgrp_molsimplify
2446,9852a4e1e84bccd491f41a44ffa0f64b9b73f6ea,hjkgrp_molsimplify
2447,9885861a68a6486f50cfc69574c8dd0a9c96abfa,hjkgrp_molsimplify
2448,9897e46ef1b5ca67ea9e9e6a0039b0c973242dd3,hjkgrp_molsimplify
2449,98ac77175ce8db2c9ba01c14d03e425fb3d003da,hjkgrp_molsimplify
2450,98b12e3b0ef62711102da015ee903968de65d36e,hjkgrp_molsimplify
2451,98c2787b9c77ed3f8255a207102eb9dc3ba75ab1,hjkgrp_molsimplify
2452,98ec2ee3a2a13bc9bcec3d1dbac58bb631e6c1f6,hjkgrp_molsimplify
2453,990226a37bd99d5c9658aeb597e62c9d5617acf4,hjkgrp_molsimplify
2454,99209623fa533524ab49a6e889d6d728984a01a9,hjkgrp_molsimplify
2455,993a17b3c873acc85bc4ee60e0eefc29242c55c2,hjkgrp_molsimplify
2456,9946d077f8a0b727b5b1968ee62623f9d72dc4a0,hjkgrp_molsimplify
2457,99653b9a10d738c8e32313863ad411e2bba309d6,hjkgrp_molsimplify
2458,997217b6d87832cfebd522f3143756d6ded76c78,hjkgrp_molsimplify
2459,99a963cee14661c14cd70ce381cf36f971df8886,hjkgrp_molsimplify
2460,99afb41b3a805d87a9193cc8b13e7cbd2d732748,hjkgrp_molsimplify
2461,99b2520f2e1f576364ba08a2b7379140481e7fea,hjkgrp_molsimplify
2462,99dc6eca306fa8bbb89b6e5866bbc8218b189f96,hjkgrp_molsimplify
2463,99dfe02680fc01aaeacab719f937013e82d60655,hjkgrp_molsimplify
2464,99e3ce60b118769bf53098a72be9c788a2fa3f89,hjkgrp_molsimplify
2465,99e584b5afa524bb58e9414d82c3f8bcbab1b421,hjkgrp_molsimplify
2466,99ebbe09da46f2155c617df32db80576896a80d5,hjkgrp_molsimplify
2467,99f5e79ff96c802fd4761fec351413d36448ea9d,hjkgrp_molsimplify
2468,9a03102c32b570f7ed840fb62376e994d136560f,hjkgrp_molsimplify
2469,9a171ec6a85593aa11f07797a83640e33bc6839b,hjkgrp_molsimplify
2470,9a1d083681762a27b45f7432bd12cc9ace8b5348,hjkgrp_molsimplify
2471,9a4053a96c2558ce63c51218b4bfb0e9c2a9b22f,hjkgrp_molsimplify
2472,9a4111d84b9fd02e59dbfdec55cd12c2423771f3,hjkgrp_molsimplify
2473,9a4801586be0a85c265f5325e33f23db290f7bae,hjkgrp_molsimplify
2474,9a61b34b2e92e45f3957d3e7040edd129ec7b7d9,hjkgrp_molsimplify
2475,9a64fd7b174e1d7eb7e07cbbf84be1bfc58493f0,hjkgrp_molsimplify
2476,9a68c3fa077300a8d6081200fea07eb409f9b22f,hjkgrp_molsimplify
2477,9a7ce86064c4ff7c2f5635e6035b52bbc9b47ce5,hjkgrp_molsimplify
2478,9a820a2acfa982774dece0363bf227bf02c56aff,hjkgrp_molsimplify
2479,9a8684899562040d4e7636fa2d6dced42a206ad5,hjkgrp_molsimplify
2480,9aa42f91602eabc277817a63ab23f28b9afc3962,hjkgrp_molsimplify
2481,9aa47ad33c800cabf9f1bb38f45cafec4c3b7195,hjkgrp_molsimplify
2482,9ab3689f77085bb46c36d88f63e827c83bfa4896,hjkgrp_molsimplify
2483,9ad6f312f97e1a7f53f779965b05d1104baf30eb,hjkgrp_molsimplify
2484,9ade8e42991125183a18c75f1c7e80e92b1c9cb1,hjkgrp_molsimplify
2485,9adec39d862b68ec2872fd046a5a7513ba62efe7,hjkgrp_molsimplify
2486,9af284009081609f0747375c175e575af9b429fe,hjkgrp_molsimplify
2487,9b1c75f4a67a13743dbe5beaf5ab9fc66ed3fae0,hjkgrp_molsimplify
2488,9b3bad488cf72461de4d73562b428d0764855b35,hjkgrp_molsimplify
2489,9b461d6649747ef31b8325ffd82c061c034f86d2,hjkgrp_molsimplify
2490,9b4b337c25771221a8cd644b522c92663dbc3b3f,hjkgrp_molsimplify
2491,9b53433d47747f2abbf851c126b2d2cea1be8457,hjkgrp_molsimplify
2492,9b5df4bc93781d21b9ed9ffa54dd6d3b760dcbab,hjkgrp_molsimplify
2493,9b5e7d04c25fc647db3a8188acaa116a9bdd9081,hjkgrp_molsimplify
2494,9b73fe1d5e0d0c38b5742f0c30f20ab8b88768df,hjkgrp_molsimplify
2495,9b7ce5eef547b6207924dd0eba6dedcfe8ab49fd,hjkgrp_molsimplify
2496,9b8ef31b7db735fd84b4332c049053214a325f1c,hjkgrp_molsimplify
2497,9ba2a51512170ec4e4416635abbaf1089e4707e3,hjkgrp_molsimplify
2498,9baae32d95f58947680bf4f0bd5ecfb838e480b0,hjkgrp_molsimplify
2499,9bbe93a34a466447f3013af8ee253974183deecc,hjkgrp_molsimplify
2500,9bda4fb8201da601926eed1b9df47798998b4957,hjkgrp_molsimplify
2501,9bec7ba9dd2b97e0bfbdf77ecbf8644a5477d76d,hjkgrp_molsimplify
2502,9bf0c63fef1867ef5426003c6972f4323b08a764,hjkgrp_molsimplify
2503,9bf703dfad978da2149710440b7a9c6033cfdfad,hjkgrp_molsimplify
2504,9c1e272d8c3c651fd482e5ab22ee9bc54f8ec42b,hjkgrp_molsimplify
2505,9c34e53c668a1940df242be6c88dec288e320190,hjkgrp_molsimplify
2506,9c74a05d42bf8b3d96a029fef70001bc4b204a54,hjkgrp_molsimplify
2507,9c88578969a74c83adbeb2edc0dd56808a503249,hjkgrp_molsimplify
2508,9caa8cd46e8c1cf7c78c91c2bfdfde21b3c2e8d8,hjkgrp_molsimplify
2509,9cb8caa3afaf5d13170f6b3bc5e4b4dc70cb5e08,hjkgrp_molsimplify
2510,9cce76e78304ce588233d0d150f0b4f3090e134a,hjkgrp_molsimplify
2511,9cef3d3258f5ed42de5e2e11a30217b6d1845227,hjkgrp_molsimplify
2512,9cf67ff39ff0b0538abdea2be7b3c846d4051bb3,hjkgrp_molsimplify
2513,9d0e812b46d63c32cee3e2ba7be225b9575bde5e,hjkgrp_molsimplify
2514,9d221eff236ef7cb5c266d165085738f6a8c2339,hjkgrp_molsimplify
2515,9d2b1e502ceedcbf240a83311c8084ac300bf43b,hjkgrp_molsimplify
2516,9d2cca5d67bb4a9fd666c8ff62090c3c0691b579,hjkgrp_molsimplify
2517,9d641504af4a62cbe7b59f99cd3599ccc108ac14,hjkgrp_molsimplify
2518,9d68d4b93e812f0e981f860bc1acea24bdac34ad,hjkgrp_molsimplify
2519,9d6b2c12fc4ff1aa382d6ec7d6913d6a652bcc2c,hjkgrp_molsimplify
2520,9d7f46eaa1f1c5383df69cb539882c71cbade496,hjkgrp_molsimplify
2521,9d89a3b7caacc6f2343be2cc1b075042e03d7fb9,hjkgrp_molsimplify
2522,9d8e8aa56fd959c6f0dd6f09cb0f3d9fd40a56d5,hjkgrp_molsimplify
2523,9d90b57fe734f58dd8b2e53a2730df0cf3575bf6,hjkgrp_molsimplify
2524,9d98b9b5c3fc1a6628442998e7b39c595ff4f790,hjkgrp_molsimplify
2525,9db2931458caabbc4d3f8f3d4cfed0cdc9f1d663,hjkgrp_molsimplify
2526,9dba24bc23d8270b57d02118c92820ee3863e77d,hjkgrp_molsimplify
2527,9dc5bed5191a74a3368590d46262f00170cfa64b,hjkgrp_molsimplify
2528,9e16b4ed7a30b21f259cc0a4edb14e9de1cfb51c,hjkgrp_molsimplify
2529,9e1b559e385243c5bb221db52be4f579a21e8d51,hjkgrp_molsimplify
2530,9e270dedee5bdad65f53af53e365173089f7c105,hjkgrp_molsimplify
2531,9e4283678b3938d373927366a005bddd4cdac629,hjkgrp_molsimplify
2532,9e4295d0fa59fe7587ee4b2e77c4f55db7162dfa,hjkgrp_molsimplify
2533,9e538e938c500faa1c46c57a5a80474c27d1918e,hjkgrp_molsimplify
2534,9e6a21acc5184e68f110b93f6090b11c59fdc1db,hjkgrp_molsimplify
2535,9e7b0f962c615ec50245b3df3d67c34937d045b0,hjkgrp_molsimplify
2536,9e7ea226d4e255db2ede881921ce5b4a52577f11,hjkgrp_molsimplify
2537,9e85dd424334bd06aab868ab52423dd619eb263f,hjkgrp_molsimplify
2538,9e86fe70256f325db900ea30160c3c2279533c03,hjkgrp_molsimplify
2539,9e87afaef774fd5178c8b98c61d0361ec153e775,hjkgrp_molsimplify
2540,9e89d55e0c0e1c2364aaa0822eed018a93aea27c,hjkgrp_molsimplify
2541,9e9566f02061c0a81e9c4b8ce2bdad7a37d2a1b3,hjkgrp_molsimplify
2542,9e95c8d8786c683334af217804ce3dbdf8a1d470,hjkgrp_molsimplify
2543,9eb61bf167a12abee35fbabae97374f90f3aef41,hjkgrp_molsimplify
2544,9ec41dbe034a307e767491a36bdca2ffb238a217,hjkgrp_molsimplify
2545,9f1dfe2328cf8d424ac48ab8ea197689a3fef2f5,hjkgrp_molsimplify
2546,9f3d2dde2237a5849f9cc10e0be9cff82ee7bd3e,hjkgrp_molsimplify
2547,9f654755e7805bd1ade8f829d69f98c78ea4f056,hjkgrp_molsimplify
2548,9f6924277cb76fe1c4084bad29dec502b35548bc,hjkgrp_molsimplify
2549,9f69523a2487981a7bf6075498c0015305c7ba74,hjkgrp_molsimplify
2550,9f84dab6b76c9213904ce1c8014cfb3814d37f66,hjkgrp_molsimplify
2551,9f91974fb4c4c9cf7e771ffd6594e9a79ebff57f,hjkgrp_molsimplify
2552,9fba1bd395ab3988c3fcecfcacbbf132bf22dc81,hjkgrp_molsimplify
2553,9fd1bf76f8443ed52c0eac9da6b8354797a472a8,hjkgrp_molsimplify
2554,a000c6945b3b63564d0d65c2ce4cf03c25a0589c,hjkgrp_molsimplify
2555,a0033e49d5cefd3339abc4388e5d6c15e9d506ff,hjkgrp_molsimplify
2556,a015aaba2ee41f88e7e71abf89f919f11e8b955f,hjkgrp_molsimplify
2557,a01f364e9f838f92020a6559f75038100d2a0854,hjkgrp_molsimplify
2558,a020fbe38b19d9afff84e06b8cf011931152cdd0,hjkgrp_molsimplify
2559,a026a676b368a7186cf534e64300ca09389c8516,hjkgrp_molsimplify
2560,a045c029b589becca96c4ff168bc6540eb8e4105,hjkgrp_molsimplify
2561,a04d4fd2f4b65e7bbf135458e7c4c91e0aeca808,hjkgrp_molsimplify
2562,a060cf195fd6f32bc2ef1640fd14e67b7affde3a,hjkgrp_molsimplify
2563,a0861ca850cdad81fe3369a2764611ef37479d5c,hjkgrp_molsimplify
2564,a087b63ea81d01fced6ac052f300e9149e895e1a,hjkgrp_molsimplify
2565,a0892efdb8b69d1b87c7df3c2eb3d79eb58f3482,hjkgrp_molsimplify
2566,a0abebd8f111dcb9813da65fbc00abf178717275,hjkgrp_molsimplify
2567,a0b8b5461ad5c46712058f6725e8a5638c688399,hjkgrp_molsimplify
2568,a0c58509d0750dcbdbbb240f3e24e75821320b33,hjkgrp_molsimplify
2569,a0cd1eed4237a9b7187c5284a23bba3f25313536,hjkgrp_molsimplify
2570,a0e44fbb5f63e0f4b0100ae6f1cd569e4fee4683,hjkgrp_molsimplify
2571,a0f89b3e63db85be18fca43420b21096be7258e6,hjkgrp_molsimplify
2572,a0f938f5db4996a731314a684ce0dfe5ea7f98c7,hjkgrp_molsimplify
2573,a1070be0955df8741d31c5dc9cf32006e60944da,hjkgrp_molsimplify
2574,a124bab4608547b5c8a1bfde31984e8930c4a61a,hjkgrp_molsimplify
2575,a1268b9a8cfcda1b10c0c0e439e2da2fbd7d1cb2,hjkgrp_molsimplify
2576,a14a852fb6e3d60649513700e585f883010801da,hjkgrp_molsimplify
2577,a157926bb09437ad7ca7ed70ba8217bf54ad21b2,hjkgrp_molsimplify
2578,a16701eb437ab72ba2623b531308fbd257a72955,hjkgrp_molsimplify
2579,a16d42426717d5a011d0c10e0756b22705e802bc,hjkgrp_molsimplify
2580,a16fe63344a7828d7a9ad83e53ec21a093801599,hjkgrp_molsimplify
2581,a17a53775efb769dbb41cadd49f5a72721fe0870,hjkgrp_molsimplify
2582,a18fa993982fd46de7acf1dd78f23692b8efb5f0,hjkgrp_molsimplify
2583,a19508a85cdd0d78aa51c6b8c7d73d05b1ba8653,hjkgrp_molsimplify
2584,a1b07f41899b1712a2544bfc382cf401a50f6c20,hjkgrp_molsimplify
2585,a1b6c2cdbcc21bbaa5ab4c4c09a01bc4b0d6b3e7,hjkgrp_molsimplify
2586,a1de26939ec5a2553f4d1b6bc7c0d6b245a5f0ae,hjkgrp_molsimplify
2587,a1f14902f6e26349acd0c0eed74a7bdae0a9f8f8,hjkgrp_molsimplify
2588,a2035a5f46f21ddff0b652a57ba5f06e43cdf2c6,hjkgrp_molsimplify
2589,a20f12935377312ccc7e26ff653be0fd9a147e90,hjkgrp_molsimplify
2590,a22ddd450ae93096b99597b3e32c7e2a6d2fb10c,hjkgrp_molsimplify
2591,a242c8abd942ef11083abf1883a067b7eda0f61f,hjkgrp_molsimplify
2592,a263f0f178c0c032769e984bad4f104692d30dc5,hjkgrp_molsimplify
2593,a274236ad71f3fca913c151f1bdfbcf8a58de9f7,hjkgrp_molsimplify
2594,a27ffd766f147c94621d2ef6c49ba6722de38939,hjkgrp_molsimplify
2595,a2940909df2ded32b4de27fc71705399dfea899e,hjkgrp_molsimplify
2596,a2969663dedfb599d1c4690c2f037f4b78c29e9d,hjkgrp_molsimplify
2597,a298bcae26d2014a99db54181e3edd04acf745b5,hjkgrp_molsimplify
2598,a29f1f36a64e1ff9e542f2f4b370b439ebf30935,hjkgrp_molsimplify
2599,a2aae8930d4297733b95ac8ae93692cf237b95e6,hjkgrp_molsimplify
2600,a2be40ca4a9eeae9ae3f9f6dffa8115dd6404acd,hjkgrp_molsimplify
2601,a2c16070ee67e7dd78631c4f659c0ec1625c7b2f,hjkgrp_molsimplify
2602,a2ebe7915eabd0eb0df7368fd9883d8f86a22d90,hjkgrp_molsimplify
2603,a2f3d3b65cde1f8ab154ef48e5f7c16075818bfa,hjkgrp_molsimplify
2604,a2f49c25779cb2f60946089a2ddabbbd532ecdc9,hjkgrp_molsimplify
2605,a2f87801f1c696c02f52e31cb700e867a6665aa2,hjkgrp_molsimplify
2606,a303aca6b4caee58c36f01b810d65da8fd42e790,hjkgrp_molsimplify
2607,a30e3cc06be675c074b4e74e6282479e40c0d735,hjkgrp_molsimplify
2608,a31504dc2275872079d331323503eddab9f2cf6d,hjkgrp_molsimplify
2609,a32e67871337154f0530b46b42368f061f253ef7,hjkgrp_molsimplify
2610,a370ab75f31f04d10aad5a2c0759f9d9a9258933,hjkgrp_molsimplify
2611,a381ac605620018a951c8beccd57b3218affd47e,hjkgrp_molsimplify
2612,a38e8d325db0b74c0549e3fa6087d7fbbc22a528,hjkgrp_molsimplify
2613,a3973316644bdb43d64fefe2017cdcd9b8d43b62,hjkgrp_molsimplify
2614,a3c914a3553dec580227f8f9c3198e574efdf1d7,hjkgrp_molsimplify
2615,a3e32dfa11d55f1b816c41de6f5d9349ed32991b,hjkgrp_molsimplify
2616,a3e51c01a81132bea63e10609e923c72a46b7708,hjkgrp_molsimplify
2617,a3e8dcdb7a6e6d80e1f5cd4cee94ca22fb354712,hjkgrp_molsimplify
2618,a3ee977226af94dbce3f0c075c6a624bfbd5d77f,hjkgrp_molsimplify
2619,a40add098adf4361bcb49b85958501b2607c20b2,hjkgrp_molsimplify
2620,a4204e6ffe74baf0dd210e7160d7d134de57ef50,hjkgrp_molsimplify
2621,a425a94f858bad893c379577c4349bb8fe1926a7,hjkgrp_molsimplify
2622,a438060918438f2b22cc30886ca80056cb779837,hjkgrp_molsimplify
2623,a44f4cea6b887351be94808075c275e56fbe2ddb,hjkgrp_molsimplify
2624,a462a188010b6fcc7097220a23c105e1d28d8853,hjkgrp_molsimplify
2625,a476e2c25e58413749520381dd59f4f0453beec3,hjkgrp_molsimplify
2626,a4834693ab0b7d103cb7832edd378de2ed6b8de6,hjkgrp_molsimplify
2627,a4869727bb562725079a0e4a6e9219461416b811,hjkgrp_molsimplify
2628,a48f6205794b0f040f6880e615d92cb257ff9f68,hjkgrp_molsimplify
2629,a499fce1a96d3e0007ab35d94edf72a61b581f2d,hjkgrp_molsimplify
2630,a4af3383d81817dfd05d77589cedf492f641179e,hjkgrp_molsimplify
2631,a4b04545805d14c80c7710c4271826e5c6bbf4ff,hjkgrp_molsimplify
2632,a4c57b11956c62fd45b3bfefd9fce10c155cc23c,hjkgrp_molsimplify
2633,a4c7e6c2460db0d82f26a866c460185bec31e572,hjkgrp_molsimplify
2634,a4e0466aa35261b6a9cc3da5382ac366ed21ea95,hjkgrp_molsimplify
2635,a4f548bb8411999bad6262134d01f25354dbfbba,hjkgrp_molsimplify
2636,a51d5689849a5550aa8759fe3dd1ebc65ee9d718,hjkgrp_molsimplify
2637,a52c120e70f761ebd67dd0a9504ea7d39fa01e1e,hjkgrp_molsimplify
2638,a5376d862cce60c54c511b225ea9f81b937682a3,hjkgrp_molsimplify
2639,a5a95f88569ef84dcced0edaea0b67cd178d066d,hjkgrp_molsimplify
2640,a5c1964953550d10804a07ee6ed6d5541dd15d1b,hjkgrp_molsimplify
2641,a5fa79ead9b3b9b3020abdc537c4c1387e6982ec,hjkgrp_molsimplify
2642,a601b7fa1898c0a880cbac31de25ffff794cee2b,hjkgrp_molsimplify
2643,a607b06af2d583889a77dab4099a2ac1eff0b1cd,hjkgrp_molsimplify
2644,a60beb3fbd1640c3154a7739e726e63586fe58f6,hjkgrp_molsimplify
2645,a616a24e2488fae2ea98bdee8d4f1bd71356b781,hjkgrp_molsimplify
2646,a61af385bf6e5fe847a5f03d3374cc97ce2a7943,hjkgrp_molsimplify
2647,a621dde7291832b5827391dc7f5242e6431cb479,hjkgrp_molsimplify
2648,a633b161adb43ae3b49f6b8d22f6709908e81f11,hjkgrp_molsimplify
2649,a636f95c643f18230357770c59987f570cd6d5aa,hjkgrp_molsimplify
2650,a63fa4a78fd64371620a17968ae921db56c2d624,hjkgrp_molsimplify
2651,a64ec082ca579d6318c6d402199d2b4fdbaf6b60,hjkgrp_molsimplify
2652,a65294084d326783c25af46ebe2a0c511d04eb48,hjkgrp_molsimplify
2653,a659d837f6e9b835312c447dd3028a00cff2ec7e,hjkgrp_molsimplify
2654,a6675346ef482d89ffc1985795c8efaac1bc1e70,hjkgrp_molsimplify
2655,a66d9596907268fe690c961165c586fc7afb4d45,hjkgrp_molsimplify
2656,a6898797a736c393d54ce3cda3759f046403dbdb,hjkgrp_molsimplify
2657,a6909d0d2c4b214321b02961452c51af7b50031f,hjkgrp_molsimplify
2658,a6940eba3f02533a3c78e0b88b6692a43a1a9112,hjkgrp_molsimplify
2659,a695a54e61d41867e34d410b8e27e804f46bd61c,hjkgrp_molsimplify
2660,a69833332f9523f0a81ba876d31c9731e0d33eb5,hjkgrp_molsimplify
2661,a69b61e8d9d11288e9842db20960fdff54db6212,hjkgrp_molsimplify
2662,a6b4e771e518ef87c751d821d08989a3cc6f7d79,hjkgrp_molsimplify
2663,a6c56609781c06e72a1cb6bf1244fac434b5d98b,hjkgrp_molsimplify
2664,a6cbf3e87235d7933ca510fd05fa2e7ed8d737e6,hjkgrp_molsimplify
2665,a6d694216096f610302cbfe855eaa3eebf232a9e,hjkgrp_molsimplify
2666,a6f3003b92c8f9b2218a2bb6276512e9c1567525,hjkgrp_molsimplify
2667,a6fdac959e06de1ffb665be4dd748b96f96cc25f,hjkgrp_molsimplify
2668,a710d3e0b26dd34a5cc6752a3c4643badac31e5a,hjkgrp_molsimplify
2669,a727992d3834b68440eff3aea63bba87d7d49fc5,hjkgrp_molsimplify
2670,a73214a682af2389eebf6011ceaa2ad8bca82813,hjkgrp_molsimplify
2671,a73988d7590aa725f78eecacbd6fd7f71aac0120,hjkgrp_molsimplify
2672,a747d682472dba620f3a46e3b7bcee89a6a61ac8,hjkgrp_molsimplify
2673,a758813b685ef83ad30b85c6ad755917fd9dd391,hjkgrp_molsimplify
2674,a769c5f5ca478fb35f1a1d09b1ca7d6129f6025a,hjkgrp_molsimplify
2675,a796355eb76c5745a8ad1e4da49387574bd88e60,hjkgrp_molsimplify
2676,a7963dc43a20efd5cc291a2dd4245ebdfbcaaa48,hjkgrp_molsimplify
2677,a7b0fb25421899d3cf97376101fef68411300474,hjkgrp_molsimplify
2678,a7b9f8ae625f37a16d536335391c891684afa084,hjkgrp_molsimplify
2679,a7bbe537c935e6398677d301fae97cd44b8f9bce,hjkgrp_molsimplify
2680,a7bcbbc73d740442bf0e18321f227a594a19471e,hjkgrp_molsimplify
2681,a7ed9da9f21b2dbc96fc78a2f557bc16598ca11a,hjkgrp_molsimplify
2682,a7f66b3ab104cdd2ce6553f46908936ed86de066,hjkgrp_molsimplify
2683,a7f908820af0c247f9805e96ac327adbb8a552e6,hjkgrp_molsimplify
2684,a7fbb71ec5bc1d93919061a4b570fd779c3e041a,hjkgrp_molsimplify
2685,a8144b61372fecf8c40ee0f9d48d6a49be8c1220,hjkgrp_molsimplify
2686,a82ef6f5793bd322668f50c1f027c1c6c6829bef,hjkgrp_molsimplify
2687,a8690cb2fca215d5a6f13e043bb77ab03b93c02e,hjkgrp_molsimplify
2688,a880177d880aa6cd741a4acdd3bd7eadc0b7ce04,hjkgrp_molsimplify
2689,a882412f213ca74c32d63f8d888cfbbf87b1722e,hjkgrp_molsimplify
2690,a885184b7ef984732555a96f91382849362d53a5,hjkgrp_molsimplify
2691,a8a642c081bb9b2720341299af845c81f592766b,hjkgrp_molsimplify
2692,a8a820dea5f7106fa09fd9e32f95b7f92c4945fe,hjkgrp_molsimplify
2693,a8afda2cc9f04f1821f7aa6f58f254d0faf7296c,hjkgrp_molsimplify
2694,a8bb4c2eede3659221fd0322bf66fcd3bba7180e,hjkgrp_molsimplify
2695,a90bae1aec5db4a5094fe767913f3bf126b2cb31,hjkgrp_molsimplify
2696,a91291c6be800ec42d0ec7b3f680b7c8c59fef15,hjkgrp_molsimplify
2697,a917d89a5ced10f2f2c213b9c5a44649285e0859,hjkgrp_molsimplify
2698,a92e91a3d6bf1f33d0b7e5d9cdaf5bc9c50770ab,hjkgrp_molsimplify
2699,a945966060edeb55d90658ee0c7ada50f6255e1a,hjkgrp_molsimplify
2700,a955be1d651ee1ead63973eb635c567f11d8abd2,hjkgrp_molsimplify
2701,a97afd90a806c3c63c72c28d2f11d75c982aa699,hjkgrp_molsimplify
2702,a99e3b2f6e17741fdb9b70d4f020be40fe04cad8,hjkgrp_molsimplify
2703,a9a54674e01e9bef294c68131d80a586696903c9,hjkgrp_molsimplify
2704,a9ca1d512ab757392aa773d5a63f8935763c6d1c,hjkgrp_molsimplify
2705,a9ce75332cde76d6055e3bcdd311084e3582afa2,hjkgrp_molsimplify
2706,a9d7f32d79011acaa8da5b16916a9d637a9d38b0,hjkgrp_molsimplify
2707,a9eeff8a5ce437a2d2eb486fbafc494b8ce5f71b,hjkgrp_molsimplify
2708,a9f310018274807d8df62558530dfb69592dd139,hjkgrp_molsimplify
2709,aa1b6ceb3c0d5692454d09715d580947d6d432f8,hjkgrp_molsimplify
2710,aa1c8d4045a2550e1de32ab57e2ecfb5892b7c79,hjkgrp_molsimplify
2711,aa294f30fb6cadd7192d700dd99ed1b68a5b8409,hjkgrp_molsimplify
2712,aa4d715ae3216117947f896dd54acf8fb8370f1c,hjkgrp_molsimplify
2713,aa687fc1559db7494fcd47d9f90a554cb2caf915,hjkgrp_molsimplify
2714,aa7e90992b24fd55a8b915ac6b426f07e558c4b0,hjkgrp_molsimplify
2715,aa832a9d8b48c1c59df4efacecd08537002b1c36,hjkgrp_molsimplify
2716,aab9b65cde97615ca7948da50d0d9cfc9e2f1c16,hjkgrp_molsimplify
2717,aabc0e322f332b50cb835ec82ab0c9ca480863ac,hjkgrp_molsimplify
2718,aaeec9586882318f0c55729039fd7f6592625dcc,hjkgrp_molsimplify
2719,aafcff214f34d6e0c18108978f2cd87d744bca13,hjkgrp_molsimplify
2720,ab17339737110bfe6db46283bc1fd14972348180,hjkgrp_molsimplify
2721,ab290474d5a8b88aae669aa84eb62eaf63cb9878,hjkgrp_molsimplify
2722,ab41d2ed99c0fe503c1bae3b8d9c8cce510bc476,hjkgrp_molsimplify
2723,ab5a2db7d32d8a0cf019d29622e256ae8a8a0014,hjkgrp_molsimplify
2724,ab6fe2e23e5f85fe7746f9b15db2d278bc7e9ee4,hjkgrp_molsimplify
2725,ab7216b729b4645f4661ba72f4482324cf247478,hjkgrp_molsimplify
2726,abac49376a2d805f1dd82110804c34d6ab950825,hjkgrp_molsimplify
2727,abbe17de3e6efd9274e08eeee0360ec5373dd804,hjkgrp_molsimplify
2728,abbef15af472fe348d858b05eab2a973c094d65e,hjkgrp_molsimplify
2729,abf54900047e26aeb130cc22108c0559e5be3994,hjkgrp_molsimplify
2730,ac19cd7bd6b2f8820c3e089ea8035b1479de9833,hjkgrp_molsimplify
2731,ac2f51eb2f92a5891ae4b3b0ee1e7793aa5b1508,hjkgrp_molsimplify
2732,ac39d16b017f42f4207bd42806c35695eaefdc6d,hjkgrp_molsimplify
2733,ac5079383d410445febe68780aa820b2b2cb42c0,hjkgrp_molsimplify
2734,ac69157abd9edb8beacf25e021bf5206eedc5750,hjkgrp_molsimplify
2735,ac7236e5b06dbc67f2a05ccb8d5f615db6d00bd7,hjkgrp_molsimplify
2736,ac9051b9d6624ede5a80734b0374906e7a7838ae,hjkgrp_molsimplify
2737,aca7fdd996b40fdd82753f47e648f03f8d838c44,hjkgrp_molsimplify
2738,acaa9b8f9e7c16e7aca01fda8ef21df75399f3e3,hjkgrp_molsimplify
2739,acacfb506ed3866c7e33ae391887a7fa7ccc3070,hjkgrp_molsimplify
2740,acc38886816fcbd2fb63ca13f4add93d350e6130,hjkgrp_molsimplify
2741,acca5bc9387b3f62916e505582a167b3a1a793f5,hjkgrp_molsimplify
2742,acdc8b4c944d8f99f3f6143420ffa2b835918367,hjkgrp_molsimplify
2743,acee5f778d4577da84ddbb24cd2d3b9f462a869a,hjkgrp_molsimplify
2744,acf370778d7fe5546d6a2a38e6c4c231fed44a31,hjkgrp_molsimplify
2745,acf5ff4522405e4884998d8c8cca910f11983e80,hjkgrp_molsimplify
2746,acfeac5a12d91c143f60fb55e5caa981d905118c,hjkgrp_molsimplify
2747,ad06966926320a7772d98284d0a05d5f19e408a6,hjkgrp_molsimplify
2748,ad0dca5b4245f6d71ae7c5b0b781db9ae7966944,hjkgrp_molsimplify
2749,ad2c8b89ed48781069bf2fe94e23d6efbe07cf4b,hjkgrp_molsimplify
2750,ad3d9b04859b716d7be6b2c0b6d95bdef22b676d,hjkgrp_molsimplify
2751,ad49e854d20673119b32d756aa9e3fb8cd66d446,hjkgrp_molsimplify
2752,ad4d22a8a5212be5eb60ad7dbb2751f0213fc873,hjkgrp_molsimplify
2753,ad65a2c8f992949d6f41968e6c3691260e81911e,hjkgrp_molsimplify
2754,ad67a9fc7e97632c11818d54ce7c89d9e6a75596,hjkgrp_molsimplify
2755,ad85fef7eff302b29a59f3c80194b61b0939e9ac,hjkgrp_molsimplify
2756,ad87cd39f07a72b79bde1b44b17f3370a0a86f6e,hjkgrp_molsimplify
2757,ad90d8ebdc330fd8ac69d0f72143866154fd7bdc,hjkgrp_molsimplify
2758,ad910676150c68130b21c99173098f42ca461211,hjkgrp_molsimplify
2759,ad92065cbc7fa1c4de96cb7fc0c19d15ae303e24,hjkgrp_molsimplify
2760,ad93bd50cd578b132a27feb8ffc0494c7f7de19d,hjkgrp_molsimplify
2761,ad99e968f07bfda465cc2cfccadc4aaff170e987,hjkgrp_molsimplify
2762,adc16c1b904cf3b8d46c5e02a34db07d5dfe7f7b,hjkgrp_molsimplify
2763,adcb4adca3629a50b1a35a8e8aff430d37b653dd,hjkgrp_molsimplify
2764,adeef4fececa05556c2f3b9797e323811d601fe8,hjkgrp_molsimplify
2765,ae0f18ce4c3db88bc6dbcb6ffe68c96a5895dc0f,hjkgrp_molsimplify
2766,ae237153688ecc4aa4821772177aaf102ec905f3,hjkgrp_molsimplify
2767,ae35599d5b65706aac4da2e9e176740a8d0f4e68,hjkgrp_molsimplify
2768,ae4465eb4a39cf0682d166fbc63763800012bc0d,hjkgrp_molsimplify
2769,ae6b259451eec2204df7bee26f133168fef6bf10,hjkgrp_molsimplify
2770,ae6c2ebd1645ef6ad06536181ef47b2d81aa36a6,hjkgrp_molsimplify
2771,ae6e7e8ac8b730485a1ad02d0cd88244a69f36c8,hjkgrp_molsimplify
2772,ae7140235853403ca4ac17be3d40cb514d3ac633,hjkgrp_molsimplify
2773,ae93129a473700200f4c1d9cd885d95cdd528984,hjkgrp_molsimplify
2774,aea812000deed011b5721921497214eb42050b1d,hjkgrp_molsimplify
2775,aed9e06c841a858c4c602c3a78899633c05b29ac,hjkgrp_molsimplify
2776,aee541e352492e397af6260ed9313c52494ea39c,hjkgrp_molsimplify
2777,aeedc34e0be4059a7f79a09dc7510cabca1cd111,hjkgrp_molsimplify
2778,af037436241dab81a75308b9f6aae0075545e83a,hjkgrp_molsimplify
2779,af04b70e069a4de9786f5075cbf9c42e73c24371,hjkgrp_molsimplify
2780,af052dc8a1fe9a7f3e1293206453094cb16d621c,hjkgrp_molsimplify
2781,af069816c62b0994e677923da471628658dbc09b,hjkgrp_molsimplify
2782,af0c64e264c5d94bddfdb41bac6c309e3f616f89,hjkgrp_molsimplify
2783,af2176a00460edcb4804da6afe376d44dac2ab76,hjkgrp_molsimplify
2784,af267a905abcaa7a798b005c34f9ab766261a9c6,hjkgrp_molsimplify
2785,af2ad0369804e82212fc7507c0aca796c62260d8,hjkgrp_molsimplify
2786,af2b2a5fd6744ca4165f0bf7c0d052b78d2dac1b,hjkgrp_molsimplify
2787,af2da34d190559fbc36e2f6491e305ab2bcb80a3,hjkgrp_molsimplify
2788,af39550279b868e8d8ec0eee45a2e878cfacff4c,hjkgrp_molsimplify
2789,af43374783e9eda6b2e79f30d361ed01b6da6c07,hjkgrp_molsimplify
2790,af6aa29c3b0e6f0c0fcef2cc3a44def52d97106b,hjkgrp_molsimplify
2791,af8cdac707da336e4eea14104b6d5687f3c7bfa3,hjkgrp_molsimplify
2792,af8e5242a90aed533260120c720a8471ec653ad8,hjkgrp_molsimplify
2793,af9949d300eae61c0ef98baa16b764ddafc22887,hjkgrp_molsimplify
2794,af9b751ba2dc9e85bb3eb35b154348c3607dff1e,hjkgrp_molsimplify
2795,afa50d16c7210c7effd6bdd20a9b71bf8c238dc1,hjkgrp_molsimplify
2796,afcfcbac05752c2521bf0284088d1f4f06487ae4,hjkgrp_molsimplify
2797,afdbeb272a1b0ce103766e165717da3d415d74d5,hjkgrp_molsimplify
2798,aff3453217cf64ae787ce1fe585c7dd1c1f0c969,hjkgrp_molsimplify
2799,b004b00ca36b35fad3c8e7f9c20dd2cf0adb48cb,hjkgrp_molsimplify
2800,b034c09a608fc7e9fcb134b71281282833c95df8,hjkgrp_molsimplify
2801,b037398f9e70bc31275b571bd8a0d6c3115e7f1b,hjkgrp_molsimplify
2802,b048f27afd7bb4f166c7e211f62019d7460c1591,hjkgrp_molsimplify
2803,b0499301366affd5870c696a4a900a66b3e9222f,hjkgrp_molsimplify
2804,b064a88b45fa4fe90d08fd2d3c90e7dff3c77617,hjkgrp_molsimplify
2805,b065f17c1665ef1f1c2d23a36adc4ac2b362e54c,hjkgrp_molsimplify
2806,b0a43cc58fae9618f083f45ef40ac8c2c0c14de3,hjkgrp_molsimplify
2807,b0aa670bdba8cc86b090245b1dac9dd3ede13ab6,hjkgrp_molsimplify
2808,b0aa7f7e9e22aacb00798a7321c1832b55d6f3cb,hjkgrp_molsimplify
2809,b0b05c56e494c19703d1a1ed7d0bb0173676b6a4,hjkgrp_molsimplify
2810,b0db25320d6527368d50c467139251bfdcc62909,hjkgrp_molsimplify
2811,b0fb92a0ee70f3340a663ba62b28d348f90f9f1f,hjkgrp_molsimplify
2812,b10fd2ef069d5bc13858dbc671fca2f14e71669d,hjkgrp_molsimplify
2813,b1129525fd82d1ceccf71b5ae8060989559a7bbc,hjkgrp_molsimplify
2814,b116bc43da704d683fb967988f99b68c50b0bb79,hjkgrp_molsimplify
2815,b122f12574f13423b9ef60defd2919bce825a296,hjkgrp_molsimplify
2816,b1369439d2f41b3b1f75a7ba1f92b67547dc80aa,hjkgrp_molsimplify
2817,b14c3085207237e15f4ddd9d73afe2fa76aa6057,hjkgrp_molsimplify
2818,b16b6520ce1ed007e20ae151d87b0c105c9821ff,hjkgrp_molsimplify
2819,b183fa4f407b5ed8781bd469dd0dd8fda5a2efa3,hjkgrp_molsimplify
2820,b1d39435690d3600f60409a86ae9664b15c14c52,hjkgrp_molsimplify
2821,b1d6a41f88b2a76235364428f8c88f0acb955d67,hjkgrp_molsimplify
2822,b1e07accd6bea6fe026fbe0126032ecf671b215c,hjkgrp_molsimplify
2823,b1f8828131decf2e6995d2de87edd0a18dd3a764,hjkgrp_molsimplify
2824,b1fdff8697ecd207fe59eba7d01dbea313c9eac1,hjkgrp_molsimplify
2825,b2064b1838287a7792521eb20928964b69c06fef,hjkgrp_molsimplify
2826,b211baa65623f69f2225cfebd474833282a2cc15,hjkgrp_molsimplify
2827,b21492dbf89a32dbd90f533a7c20d477146eddc7,hjkgrp_molsimplify
2828,b23a5b844493941ce8c58a73c21038f6bd236381,hjkgrp_molsimplify
2829,b241dab8f7d290ad8af61f57380f4d90456ff6b7,hjkgrp_molsimplify
2830,b24530bcb6a42cb3bfde58130078fe5b99793e1f,hjkgrp_molsimplify
2831,b24566bc3719fd2bf1cf84ed2189530f5f8f4395,hjkgrp_molsimplify
2832,b26a59629a746cfd4ed4c4acdb691b3a1191d951,hjkgrp_molsimplify
2833,b276c777a99660ce4983b45bc91d8a56714a1ffc,hjkgrp_molsimplify
2834,b2770767dd76513dd2ae11b8e709308075fffff5,hjkgrp_molsimplify
2835,b2934f8aa7fc7aa0d48461d3f5426746eb96dff6,hjkgrp_molsimplify
2836,b2a936b8dfade24a9c37885956ec7671d6e05dbe,hjkgrp_molsimplify
2837,b2b5a2b7bdea85acaa317e7231114cf3bc85b26f,hjkgrp_molsimplify
2838,b2c2f4b7617a8c92bb6f631cd6249ac77bb486b3,hjkgrp_molsimplify
2839,b2d81474a2b31fd50b94f2c3f65b7d7d668b0504,hjkgrp_molsimplify
2840,b2ded593af20116db143124dd7f435d62f803345,hjkgrp_molsimplify
2841,b2e7095327ed1598380feb8ac9ac7634f9799265,hjkgrp_molsimplify
2842,b3006706e016cfce5f641863350b4138650b781b,hjkgrp_molsimplify
2843,b30e25f50e1e96367c244282e54c2c17666d918f,hjkgrp_molsimplify
2844,b319cbca41107a50bcaaf5a4c73f8ddb3a2236a8,hjkgrp_molsimplify
2845,b31d54e07827d943a7b75155eb396d9bc4fad362,hjkgrp_molsimplify
2846,b33aa578a5a42d9d9d59e81a13aa6f47d33f4371,hjkgrp_molsimplify
2847,b34f02eb052de1fda8a675b9eb9d3b4dce9b0836,hjkgrp_molsimplify
2848,b3519bc677ae8d735ba6f2554e66bf83d87d50fb,hjkgrp_molsimplify
2849,b35276dd47ae4e5a1ee6a1d8c4b9a990e646f5d3,hjkgrp_molsimplify
2850,b37851e48c261242876b96dc7d194143df19bc78,hjkgrp_molsimplify
2851,b3824e98aeac7a6e2bc6f718a9092fbf7ab68bdf,hjkgrp_molsimplify
2852,b38d3b917d87652cf7bd73dad8b3966d14d40c53,hjkgrp_molsimplify
2853,b3a854a4178b1f2fcc293716255ca3ea3628e87f,hjkgrp_molsimplify
2854,b3bab4c173f072ebd74c6e4446e0d9e936d16fec,hjkgrp_molsimplify
2855,b3c9e1a5586aa65b86ae4fb3b20fa2ee466f69dc,hjkgrp_molsimplify
2856,b3e2a6cb67516ed41937d75c62d2be1aac14e5f7,hjkgrp_molsimplify
2857,b3fe9b6d884162aefed0ac523bdcff6a1b923a20,hjkgrp_molsimplify
2858,b410a68645589ad44c1cd66f8f8fd7eca11a6469,hjkgrp_molsimplify
2859,b41b5d760e620356af5b1e8f6ae23a480be436a5,hjkgrp_molsimplify
2860,b44960dabde62638c5892d2811cc738fe2eb9ade,hjkgrp_molsimplify
2861,b4620b350a99b7320bf606757515275908c2f3de,hjkgrp_molsimplify
2862,b485bac6ccee5eaa4a8d06bc7897f11209a335bf,hjkgrp_molsimplify
2863,b48fc27dab2b82ab13eafca23fe6cacf574fcaa4,hjkgrp_molsimplify
2864,b49d7a5c91df0664ed6d17f4d9197a6345eeda69,hjkgrp_molsimplify
2865,b4c83c88f10aae39858435f149e82d7b62492713,hjkgrp_molsimplify
2866,b4e172511a640611b15fe2bdf7b8af393b8e6c7c,hjkgrp_molsimplify
2867,b4fb6e8cb15c23c991295e72c124dc15447fa3ba,hjkgrp_molsimplify
2868,b4fed909758fbdd95c3046e1a874ecd381c4d2ee,hjkgrp_molsimplify
2869,b53430168ed52fe473301c15cb53c5e4083d27d4,hjkgrp_molsimplify
2870,b534fc1f3b9fc65d2e8c8ebeae20af0fc9dd235e,hjkgrp_molsimplify
2871,b55af7f28bad08a06748f8db2eca3e4f3cb01491,hjkgrp_molsimplify
2872,b576b861efbf33ae2fcf561958604833c2846877,hjkgrp_molsimplify
2873,b5b637b32c97152afdab36263425a5b8e9617b42,hjkgrp_molsimplify
2874,b5b66f961da305e9b7c2576099913389866c244f,hjkgrp_molsimplify
2875,b5bef9dfe86b932b08abf52237516bda8e529ce8,hjkgrp_molsimplify
2876,b5c30f719b1ab3d8105732780dbd1b8fb863e8a8,hjkgrp_molsimplify
2877,b5c69e60d26db6ac52c76cf1e5c0884d2b764ad1,hjkgrp_molsimplify
2878,b5d4f622887528ca609062d04018407ce4aceb18,hjkgrp_molsimplify
2879,b5dfcc4b651d1fc807ba6833661f76180ea67efd,hjkgrp_molsimplify
2880,b5fabb764e53464e31c4cb089ed6b9d91bddf0d5,hjkgrp_molsimplify
2881,b6027fddbb313db98c5d99d7ae9647f92164ce17,hjkgrp_molsimplify
2882,b60a4fec9a5eddeacd82206281dd5ede0aa51e44,hjkgrp_molsimplify
2883,b60ed59eeca9c8831190b15da7b4ede049b9de27,hjkgrp_molsimplify
2884,b610d97834c8ea9df3c8b0563361f12eb33b38ff,hjkgrp_molsimplify
2885,b622c6f9902a90cec6f641f53d166fb1871c40c4,hjkgrp_molsimplify
2886,b62693dd53c5d0fb52e5c33e1fdc50441793f2d4,hjkgrp_molsimplify
2887,b6287c9960b08cc01ea3b7d12f196018d0ce22b3,hjkgrp_molsimplify
2888,b6302b716fea5f80589e6e700e1b091f842b8658,hjkgrp_molsimplify
2889,b664604ba579f42dc4ab658ad96297336bd59a84,hjkgrp_molsimplify
2890,b66d3daf3e513ae8f9be61987a3174b9f54a883e,hjkgrp_molsimplify
2891,b67ab74e9670c02acf9f49d351fc3229ca3d6c64,hjkgrp_molsimplify
2892,b686014100d8ffe9b571da030a28d4bbf696bb6b,hjkgrp_molsimplify
2893,b68ef5e8300147049d513340bbdb7667f081fa31,hjkgrp_molsimplify
2894,b69d203aea571a054fafbb6a90c1333a1c64a51e,hjkgrp_molsimplify
2895,b6a52d10cf7227388c53a405a1c6389ba1ace134,hjkgrp_molsimplify
2896,b6c2d3f9abf0647c4c1a4feaac4fdc62c362e93b,hjkgrp_molsimplify
2897,b6c6c13bd473f87c8e3321b460bb3bdb56383bdf,hjkgrp_molsimplify
2898,b6eaa4d27cc28323d4e9ca89ba18158861fb0d7d,hjkgrp_molsimplify
2899,b6f509cbf1b602d211b1eefc36bd3a021e9059ba,hjkgrp_molsimplify
2900,b70ae30953268a2f345cba945c497ff0950181d9,hjkgrp_molsimplify
2901,b76053233ea3e6cb839501d976466ed1ac0a555f,hjkgrp_molsimplify
2902,b764fabe2c9035c0d7ced58dfb117c1a6ff1adb0,hjkgrp_molsimplify
2903,b77b62a21ce3caa3c4e66a8fded8d9f0149f95a3,hjkgrp_molsimplify
2904,b78c1fb5c4b622d487b76ca2ce830fc61766a09c,hjkgrp_molsimplify
2905,b7904403d715c7874df23e6abbbcff7da76ce162,hjkgrp_molsimplify
2906,b7947e5e720591bf415ef168ee3ada681f479502,hjkgrp_molsimplify
2907,b7c351f55011376ca1b039e7503f4321923cbe8d,hjkgrp_molsimplify
2908,b7c9fe89cee2e269fbcbe2aada5ec2fbed5d6d8b,hjkgrp_molsimplify
2909,b7cabc2c5ec258422a4e132365ebd186d62b56d3,hjkgrp_molsimplify
2910,b7d45727e2a1397835d59b13b3e23a8f88dbd103,hjkgrp_molsimplify
2911,b804e8a1e4c38604c859baaf71fea7ed51d3544d,hjkgrp_molsimplify
2912,b80b4d275415f090b6f295a77edd4486175fe434,hjkgrp_molsimplify
2913,b8116afa5339771cbc9f69a03e0bf5e42d042a5c,hjkgrp_molsimplify
2914,b8281a19278a3e375695f137c677b3ab633a0cef,hjkgrp_molsimplify
2915,b8283e95c5fa8a5d2d5755be599f7a330c432a52,hjkgrp_molsimplify
2916,b83056e3864e17f1f5991bca623abf7b00fd87ea,hjkgrp_molsimplify
2917,b8390c24a0b61fd860964acf9f4aaec2ab7bde1e,hjkgrp_molsimplify
2918,b83ade659370d988fec7b68eb69f539479ed248d,hjkgrp_molsimplify
2919,b83b86085d6f6d090e8008f538b4d8d66ec10103,hjkgrp_molsimplify
2920,b8413c59a5af375d6b3981c3f43a1d788354493c,hjkgrp_molsimplify
2921,b842976894f444df9850be86747378c6f37df664,hjkgrp_molsimplify
2922,b86a06dc3ba0efc87c79cc28402b2a8b70cfa610,hjkgrp_molsimplify
2923,b8a8e36747f9dc28e4377e2acde97acb04ffb6f6,hjkgrp_molsimplify
2924,b8b1eb003110ba8509367ca8165486e6148ef9ad,hjkgrp_molsimplify
2925,b8b79227a97858dd70b61538a3881dba2abc89ab,hjkgrp_molsimplify
2926,b8d532b3b2e2ee5f6b5978b58ba6696a0630b208,hjkgrp_molsimplify
2927,b8fb964fedcc9aa9e3b92d261b0ff72918bbf5d6,hjkgrp_molsimplify
2928,b901e8b4082d891aed462b48d0fbe6a8a6c8bfa3,hjkgrp_molsimplify
2929,b90d45605203a38edff6eeb91275cf55d92ee410,hjkgrp_molsimplify
2930,b92d1f3ffb1512ace003d57ce18a1e3da41787e6,hjkgrp_molsimplify
2931,b93fab41af00d639728617a60a7b3b11ac89823c,hjkgrp_molsimplify
2932,b96aa70a8f71effb59b55c2f0461469be0d220ac,hjkgrp_molsimplify
2933,b978a76685817797503af786822fffa12268a385,hjkgrp_molsimplify
2934,b98a71746f8f62caaaa751b93e66f36d4131b055,hjkgrp_molsimplify
2935,b9b59a1733a121b38a340fd065adf5f83318f333,hjkgrp_molsimplify
2936,b9d450fab2f6d73e3189ee9a4eda7fe4bd089b8d,hjkgrp_molsimplify
2937,b9e24fdf8a9cc2bae64a36f1220d478a729d2571,hjkgrp_molsimplify
2938,b9ed5966ef69dcd9ab7754cbb870451131e0a7a9,hjkgrp_molsimplify
2939,b9ef5ddd9e78bd36fd592785a1547ab7092781c5,hjkgrp_molsimplify
2940,b9f8f2318c3381d9f4bd9a84936e0d55c929aae4,hjkgrp_molsimplify
2941,ba0033cea420236b9873085382c635006f8ac863,hjkgrp_molsimplify
2942,ba05b3f1fd2d161f6434d4488733c8596c1c69d8,hjkgrp_molsimplify
2943,ba0ef66f13214ca2d0f193784d627a2d846082ec,hjkgrp_molsimplify
2944,ba3d70feaed1b28ea57692eee0790fbfba1b87de,hjkgrp_molsimplify
2945,ba4774df47c168c99a660cd6e6d429843de1d563,hjkgrp_molsimplify
2946,ba5ad14add6c190ca2941f97a464672babea6b6c,hjkgrp_molsimplify
2947,ba61dee619cbdb2ed70290efa9bf1c1d67a576d7,hjkgrp_molsimplify
2948,baa886b8304c192c2232b7b8a003d817656c9ab7,hjkgrp_molsimplify
2949,bab764dac37643b6fb7e92689a407314bf22727d,hjkgrp_molsimplify
2950,bacf2a165bbd50b8644b2f7c7a3744290788d579,hjkgrp_molsimplify
2951,bad594d233e47ceee921a930cd3d6bac95d3d6cc,hjkgrp_molsimplify
2952,baf3a4dbb28a947655a5802338e200604c429f09,hjkgrp_molsimplify
2953,baf3c944461c492f44e66142d33c870691428d08,hjkgrp_molsimplify
2954,bb2aee2c4a5b1b0b9b99194a07c19bd3130a1248,hjkgrp_molsimplify
2955,bb3393bdb32ef68083907687c07fc1f0885c11a9,hjkgrp_molsimplify
2956,bb3aee7716bb5982382f903fb4b25abe94b2ebd3,hjkgrp_molsimplify
2957,bb5124c4b8106e00466d8f5ea30aa3658c57e845,hjkgrp_molsimplify
2958,bb530c5f7a51285d0feed9cf33907aad1ccc5427,hjkgrp_molsimplify
2959,bb6693c146f44b3d6d7ef15895c54cd088edd60b,hjkgrp_molsimplify
2960,bb9ae08f4c33bc57c78e2aa4cce80a0fdf18bafb,hjkgrp_molsimplify
2961,bbab0c7ae214c23ba66b78e4da2018c5bf6874f3,hjkgrp_molsimplify
2962,bbf7d0e32a670c12297bddff30885393f22cad7b,hjkgrp_molsimplify
2963,bc2e45677425803c83d17d9d0f3c09b966e9c5d3,hjkgrp_molsimplify
2964,bc3a0f1db804cf32a37deaabb62e986843179f86,hjkgrp_molsimplify
2965,bc503a11c9accb3a6d4a762ca2856b859d9225f0,hjkgrp_molsimplify
2966,bc5a190fe001bd4f452fd81032f1e59ba499ef7d,hjkgrp_molsimplify
2967,bc5da39c00c38eedd80b957da9fbaab40af5059a,hjkgrp_molsimplify
2968,bc612c408b6494d034f653fbe02b0394fd7155e0,hjkgrp_molsimplify
2969,bc8b854bed1355b7ae29095b3d4191f00ec2b507,hjkgrp_molsimplify
2970,bcb6ccc4b790488e846443dbc863305232789e48,hjkgrp_molsimplify
2971,bcbcb7b726cdb325d7051a213f35f09783d7dd54,hjkgrp_molsimplify
2972,bcc65ff1ed6a6f1e114a4c0031f653f6d4ad9197,hjkgrp_molsimplify
2973,bcd79c32a47d0702ff0a4f5ed38100bd02d64d53,hjkgrp_molsimplify
2974,bcdc500a522597983352f83a0047a9f295277ff8,hjkgrp_molsimplify
2975,bce8d43dc575e1bdaec991d81c32d98d9f7c06fd,hjkgrp_molsimplify
2976,bcec2a9327e7b537b560bce46626a0641ce06e36,hjkgrp_molsimplify
2977,bcf67122966ecdb87eba7e5e15aefc0b8982eabd,hjkgrp_molsimplify
2978,bcfe6484b4141a8eabe359d7cb4af2b1f610bf69,hjkgrp_molsimplify
2979,bd109314ae1fc91d8b71ca6afdeb1695799e4205,hjkgrp_molsimplify
2980,bd21f4b400ac3594ca8beb5365f6d0f7dae1923b,hjkgrp_molsimplify
2981,bd26e17d49dd20303fa5ccf1378022679219644a,hjkgrp_molsimplify
2982,bd3c019f5349cca0a4469d4772d01c367f836ca9,hjkgrp_molsimplify
2983,bd4d8002f45c2528f63f138d7afd0a99c7c01725,hjkgrp_molsimplify
2984,bd62dca18b114cd9bd9c8763bc539cfc4161e858,hjkgrp_molsimplify
2985,bd76396263c6e901cacf92c098a2cc305013e902,hjkgrp_molsimplify
2986,bd7cc105eabcf2630d47d0ff21e961dc42056701,hjkgrp_molsimplify
2987,bd7d9cb9263dc8be0358c5406cfa14c2b3fb15a2,hjkgrp_molsimplify
2988,bd80b5fb7bf6c35ab7ffb7f674ab6f18c804d3dd,hjkgrp_molsimplify
2989,bd92d20e7a7be0e67c7afb44a8d47a5eb8760806,hjkgrp_molsimplify
2990,bd957c12ea3246cd9d01bb46247b37a7d5a3e67d,hjkgrp_molsimplify
2991,bd9947e34023a289b89cafe79655beb2b03aad48,hjkgrp_molsimplify
2992,bd9f47eb061959992125eba755f39afc66acfd10,hjkgrp_molsimplify
2993,bda30d82d7c14d79b7813a12e260d343e436e3d2,hjkgrp_molsimplify
2994,bdc4e310b1794f940415086c45ec47880d045f83,hjkgrp_molsimplify
2995,bdd1edd50766b9c977bb90a083883a761a1218d2,hjkgrp_molsimplify
2996,bdd28a56f33fb6fe4ace38f633f521ea10433add,hjkgrp_molsimplify
2997,bdd596400736e1ea4bb762ec3d0163d8c9a0a4be,hjkgrp_molsimplify
2998,bde536976ecdce97d2196346391c2f7fb4ff2296,hjkgrp_molsimplify
2999,be1ab1b86a0fb1d896d81ac7b787eb84c6776d15,hjkgrp_molsimplify
3000,be37f7981bcce066faac03b449d459d5022882a5,hjkgrp_molsimplify
3001,be404830d489dfd1afbd4fa3424238dd42cb9fd3,hjkgrp_molsimplify
3002,be472f7e3c0a5d12da6449e4358cbd2858a7b564,hjkgrp_molsimplify
3003,be4921dfbc8c19f9ef2835cfb6dd1f503017638e,hjkgrp_molsimplify
3004,be532ae99a301b86df7c8e5d8a3cb4e6d8b6b34e,hjkgrp_molsimplify
3005,be5e15bb07b4f048a641cced7922e652f569ff2f,hjkgrp_molsimplify
3006,be6fbf04eb5a49a9addef11590820a1430263f7d,hjkgrp_molsimplify
3007,be787de85b24bc676c393cd4b2d1ac4a4a260380,hjkgrp_molsimplify
3008,be88a279595765b57a81acc08a3c1d7307baeb17,hjkgrp_molsimplify
3009,be9c9aa09557f6705b2fed65685ade6567e16747,hjkgrp_molsimplify
3010,beb981182e8b0c7cf8fc9f52f2ac541517a455c9,hjkgrp_molsimplify
3011,bec7afb73366ee85c3f22c1eedf60131ecfcad71,hjkgrp_molsimplify
3012,becae9770329a1a591f9465e937c62e938ab4cf6,hjkgrp_molsimplify
3013,becb3b1a6b17db965dd609c5cbb1ae701bc4751d,hjkgrp_molsimplify
3014,bed5d7593a3a095957b41c9a742dc34a55e4cf56,hjkgrp_molsimplify
3015,bee3ec06a8effea5c15fd5c36f01f7acffb5c3c5,hjkgrp_molsimplify
3016,bef58fc5a56939b6ed8d0347b974fd1658251739,hjkgrp_molsimplify
3017,bf01e01062e4595fefd810809cc404ba33374f54,hjkgrp_molsimplify
3018,bf1bb29ed033180b3c58a5facbf4a36bf9fb8b57,hjkgrp_molsimplify
3019,bf1c2d659d5ac95499ef0ebdc536725bea41e358,hjkgrp_molsimplify
3020,bf379faec1c3975265e3f92af43a0296edd0d7e7,hjkgrp_molsimplify
3021,bf38ad0880f1c6b70397191240d0e1c1bb26dc5e,hjkgrp_molsimplify
3022,bf3bc177efa51cbd9b38040f3f5f5c2208f80137,hjkgrp_molsimplify
3023,bf3ff7c3ceab2e48d4aa713d2441d47467e487d8,hjkgrp_molsimplify
3024,bf46c78917edaeeaeca10bc42529afaaf8f39b92,hjkgrp_molsimplify
3025,bf6d80c5ac64851cd45dbcb51fe88c5e9c4c79c2,hjkgrp_molsimplify
3026,bf7a85643b8d20160e85a3b164008da4b26a1477,hjkgrp_molsimplify
3027,bf7b57017e96ac3d14448ea3e5bf07d65eed9c08,hjkgrp_molsimplify
3028,bf8ea75e2ad9744ebd7249f77bc78e9c3651aa30,hjkgrp_molsimplify
3029,bf94d51aff6509f14b668bc370c28cf44c978da7,hjkgrp_molsimplify
3030,bf974c2a6b1f96b1170069e8f8ba43b37e196fb1,hjkgrp_molsimplify
3031,bf98e1c05dd849e15bbf2f5ea5dde83f9e27f56b,hjkgrp_molsimplify
3032,bf9b0e5e18ba398cf9f96c03b3ed72df841497bc,hjkgrp_molsimplify
3033,bfa0e2ebdf371def75d7721e2ff294a3be88907c,hjkgrp_molsimplify
3034,bfbf3f362b42a551ac539a4ac314805597223bab,hjkgrp_molsimplify
3035,bfd59995e25685e6c401cfcd9a60b0cbf978e14f,hjkgrp_molsimplify
3036,bfef0d5ef4b38f5863ee2c0fffce1bb8fbf8a52b,hjkgrp_molsimplify
3037,bff7b675e9874ed7f6f000c2a2e9edc05e6f250a,hjkgrp_molsimplify
3038,bffd981e0f49c6c1bb0df86a9963ff518a86f248,hjkgrp_molsimplify
3039,bffe8eb9850beaff3dc1745f606ba3ace7c759c0,hjkgrp_molsimplify
3040,c070580c5a7bc491ed1a4cfef4beb9bc198b8628,hjkgrp_molsimplify
3041,c0722ecb9160bb1e0cd0849d2abc460c5075db2e,hjkgrp_molsimplify
3042,c080e8c42b021c9e91fc9cd9bec6493220de88a6,hjkgrp_molsimplify
3043,c08d76d2964c68740d27ddc9c67ab3ab69ef1c19,hjkgrp_molsimplify
3044,c091a0750d63787aeb92845dadc2a2c0b4867844,hjkgrp_molsimplify
3045,c0a72e39274976318e07e942825b470cf759a152,hjkgrp_molsimplify
3046,c0b1a9beeffee6e1cea123959c1d89321c57860d,hjkgrp_molsimplify
3047,c0b369b3e74559ea8e4acb6bcc33c738e582a397,hjkgrp_molsimplify
3048,c0b628bd0d805a8612365ae27fe001a121372ace,hjkgrp_molsimplify
3049,c0c0ffe402ca44048c9cac4333b7b1b20ebf7935,hjkgrp_molsimplify
3050,c0cc81e62afc4fb4351437dc89d8ef2204b9305a,hjkgrp_molsimplify
3051,c0d0ea43a2e89629c6673a9be7ae0039408a98a9,hjkgrp_molsimplify
3052,c0dad8ae135f3db5b3b2af1f5feaaab871ef05a2,hjkgrp_molsimplify
3053,c0e9f9f998649633e5b8337a8d61b0f85e45cdab,hjkgrp_molsimplify
3054,c0efb5dee4241e5b2bcac20a6415dfc890c4aba1,hjkgrp_molsimplify
3055,c107bfa63eccecc1bbb3c664d1bd107738f26f80,hjkgrp_molsimplify
3056,c107f6db749fc6300d2993ebb75b7116fc23a7c5,hjkgrp_molsimplify
3057,c10c9cb81302a2f19403b418f8945a83dda0d797,hjkgrp_molsimplify
3058,c119a24c20bad6e90b4416be3c400bf5478679e2,hjkgrp_molsimplify
3059,c12286440eafc0cdafd8b14c116fbd11fd924ec7,hjkgrp_molsimplify
3060,c127d90aea480524637578893bb6bde10de2c209,hjkgrp_molsimplify
3061,c1521ff07ad90f4e4f7827803513cf2e8e5beae3,hjkgrp_molsimplify
3062,c15dcd818e8bd4f553284f82e16591182b353f46,hjkgrp_molsimplify
3063,c18ee596aa70806551aeb37c166265da04d6589b,hjkgrp_molsimplify
3064,c19786656aa88df24283298c6ed6196af56b8caf,hjkgrp_molsimplify
3065,c1a348e121bf6158ab2c4b0e0741f1de46ebdb0d,hjkgrp_molsimplify
3066,c1a442e86cc77a6051a0eb5e11ffe4fbd1144ddc,hjkgrp_molsimplify
3067,c1bb68c54e19f3c0ba496e61161a15c8aa2b67b2,hjkgrp_molsimplify
3068,c1bea9f79752942273f9540f4b71e902ba52db29,hjkgrp_molsimplify
3069,c1c35ebd88de71cc63b40b231ddc2069d40cba89,hjkgrp_molsimplify
3070,c1f6061cbdc31fb17f476706da884178ea7a9fa1,hjkgrp_molsimplify
3071,c1fe676b9c76707453ca5a49ef59896e9183440a,hjkgrp_molsimplify
3072,c208e5e118f9796045af8623692538d86ee9d4d1,hjkgrp_molsimplify
3073,c2133895c600bc2693cbaadbd14536ae46e2b3a4,hjkgrp_molsimplify
3074,c2299764a12ba47e52788f4c3cf6ddf1339e8200,hjkgrp_molsimplify
3075,c23f58aec7d5669865c8b25d2a77bc60571fc8a1,hjkgrp_molsimplify
3076,c25bed8b60df8e1259cac14bd6d4a6d36fb4dcbf,hjkgrp_molsimplify
3077,c280b7694a488112566a3dcf2a12543546ec9658,hjkgrp_molsimplify
3078,c28320851d3d6b35f50ac5ed522f85bdb2df1c30,hjkgrp_molsimplify
3079,c2aca361c5e14326d82c988bd1da03df8e870470,hjkgrp_molsimplify
3080,c2b7f74f044477372bc617b7ea375d8ffd446994,hjkgrp_molsimplify
3081,c2c9fd5a19e49e490cf1f311a59eea3fac390466,hjkgrp_molsimplify
3082,c2cab27bf8ee42e975f1f4e34914fc47c8f6a83a,hjkgrp_molsimplify
3083,c2db9f4378c875f2275f74501dcadd540c5847db,hjkgrp_molsimplify
3084,c2f4d59dad42383cf2e3ad1c67308f74850c3d61,hjkgrp_molsimplify
3085,c305fc5b999b3eeff4e8df7309be1b2629d59af6,hjkgrp_molsimplify
3086,c330cbbf55d2356b4fcea6becc3677d038bb7a7f,hjkgrp_molsimplify
3087,c33449cf8b84d9710d8ccf0032d0d818b4d74b95,hjkgrp_molsimplify
3088,c3418c41506b688e5371d9fd27d57c8a50120483,hjkgrp_molsimplify
3089,c341ba45dd42107f3f5b499fc65ba6873eb31177,hjkgrp_molsimplify
3090,c351fec60b8d00248e2ed1902a89e4282eb70fb6,hjkgrp_molsimplify
3091,c3776d0309b5757d5d593e42db411a251b558e59,hjkgrp_molsimplify
3092,c37bbc32c4a5efba64f1b69540b61cd546b30577,hjkgrp_molsimplify
3093,c38855a01f8fb72216c2652b468cf5ac1ec5f508,hjkgrp_molsimplify
3094,c3a9c727ceb622da94ba63ee6b3ef7a13a559576,hjkgrp_molsimplify
3095,c3c380b304d22c3c78080586a178e1ad7afd533b,hjkgrp_molsimplify
3096,c4020443940eeb265e8082b745f583a963e8bbff,hjkgrp_molsimplify
3097,c4034e346a4aa62f3b1965f8b59be6003aee2a11,hjkgrp_molsimplify
3098,c4183cab8ef66faef3e4d74cbc123cb799f90264,hjkgrp_molsimplify
3099,c41bb32c02cd5a0d4fdf7b2e402400b0b76b2116,hjkgrp_molsimplify
3100,c425ed8896d0ba6ffd6a48a57e152e9f56869473,hjkgrp_molsimplify
3101,c43d63985a9c69630e4793b95f9bae4187295e6b,hjkgrp_molsimplify
3102,c44da740254edbb140c765e35627d4329b3279d9,hjkgrp_molsimplify
3103,c4580a46b91513ef74d25b13420a8c3cfd08a852,hjkgrp_molsimplify
3104,c45fe554fc7313a8ac10c7e50ccdf48f934564b8,hjkgrp_molsimplify
3105,c48832b59328c01c9e5383b766388b1f53025cc4,hjkgrp_molsimplify
3106,c48d15cd1ebcab6b9c8a3ba0df740f3cab140697,hjkgrp_molsimplify
3107,c494a30d90b465e92faed7b4913593c44985aeb0,hjkgrp_molsimplify
3108,c4b01e666e019547bc359c7d6e4af959ef521515,hjkgrp_molsimplify
3109,c4ee980a40d5b88747e406de0ff24c5388594793,hjkgrp_molsimplify
3110,c5131c3dd67b7bd4552d32cf55a14806065c40b3,hjkgrp_molsimplify
3111,c5292efcb4813096e51a13efc8392d6bd31a89ab,hjkgrp_molsimplify
3112,c5309c02ba974b2cba96fbf0c5dc331385e3de76,hjkgrp_molsimplify
3113,c53604b31733105806b7ac0e04055e5087869b4c,hjkgrp_molsimplify
3114,c54368273d02fff6bd96c8b06382d21866bc5143,hjkgrp_molsimplify
3115,c545f9fa33d2ea86a07639d52d343251b54f09d3,hjkgrp_molsimplify
3116,c5478c9f2feefd96a8ce175f204571a7b8f5d548,hjkgrp_molsimplify
3117,c54cc0af6b3b586347a9c713b7a36a9559c23157,hjkgrp_molsimplify
3118,c54d02b19819af0857afdb7878cfd3344f365c60,hjkgrp_molsimplify
3119,c54f6182abed2173205adc547cca17e2be2137c3,hjkgrp_molsimplify
3120,c55e62362402143944d92ffa844c915cd6cfabe8,hjkgrp_molsimplify
3121,c58c610123311260291c0f934a21da7724c3eb66,hjkgrp_molsimplify
3122,c591616e1ae958d50f27b440ed5b010de6b04aa2,hjkgrp_molsimplify
3123,c5a7b21e6223dd2e1f4a3da6fc7c619456ff1f81,hjkgrp_molsimplify
3124,c5a826aab9a3236cc0ae4f173241afc8aecab15a,hjkgrp_molsimplify
3125,c5c1560a1bb22b4b4fb9501a2f2d94082693ed9d,hjkgrp_molsimplify
3126,c5dae78bda0df7e5294043563ece932b04c82824,hjkgrp_molsimplify
3127,c5e363df7f937a89a83508778d5db58611890eb5,hjkgrp_molsimplify
3128,c606d39d20de6d473ff9564ae2506b61a15c1ce9,hjkgrp_molsimplify
3129,c61ea7f7808568ff701fe1a0343f5d3518a8a805,hjkgrp_molsimplify
3130,c641cc3aa3a4c1c6bac86481839a7467dd037757,hjkgrp_molsimplify
3131,c6503c7cb0efe6c98a7d6138c4b96b1f6dc2e98c,hjkgrp_molsimplify
3132,c666eaa6014da8486c9a9664b470414ce43e1b39,hjkgrp_molsimplify
3133,c68ed85b2de01decd5fb5a25508e88327eafd6db,hjkgrp_molsimplify
3134,c692b210aff5544c56efa5e2648b44f9b3b73807,hjkgrp_molsimplify
3135,c6977af2f4d331353f8a896dbf0a6e1fddb599f1,hjkgrp_molsimplify
3136,c6a8aa431adc478bdaeb398a22d8430553906712,hjkgrp_molsimplify
3137,c7067e4f39f06d021cbae239570ef9019b32262a,hjkgrp_molsimplify
3138,c723c2c6a4a502b2f39c1c465b854574b1a25dea,hjkgrp_molsimplify
3139,c72bca0b2a7bc45666fb0279c41a3a8124684804,hjkgrp_molsimplify
3140,c74117ec8f9c968b3117b74095da0257de2781be,hjkgrp_molsimplify
3141,c7414c6710e5f29d29bb38f310174333a88ab14c,hjkgrp_molsimplify
3142,c75eceda3f82196788f3e46dbeaeaa58faebfc93,hjkgrp_molsimplify
3143,c75fa731ca3ac6a9ed614912883803dc1ebd556e,hjkgrp_molsimplify
3144,c76de25b873e830a168efae56f6331be666bf9b9,hjkgrp_molsimplify
3145,c770ff582c5f6ae8ca0adf7e958d5cbc67007c55,hjkgrp_molsimplify
3146,c77e67737b48847722648b2d83fbed3490cdba57,hjkgrp_molsimplify
3147,c78e4573ad3604db798e9b5149f24a3c864c32b6,hjkgrp_molsimplify
3148,c7aa1421e8ecf646c6e1c8cb13d9cfc797123007,hjkgrp_molsimplify
3149,c7d594c2656cbff4bbab3e446fed04e6060844e0,hjkgrp_molsimplify
3150,c7f8b667769a17f9ab35ea1b3fb962ea16eeef74,hjkgrp_molsimplify
3151,c8018c15fa8ea578565cb8682909ab604547493c,hjkgrp_molsimplify
3152,c842c0d16fd590d91411606a056a7450452148e3,hjkgrp_molsimplify
3153,c84b2f77ecec131fa6d58579dd31880051834d9c,hjkgrp_molsimplify
3154,c84ded5584ff378b22cec9fcbe4133aae5e0f0b1,hjkgrp_molsimplify
3155,c8851914958083a025547d2bae034c0f9a206f85,hjkgrp_molsimplify
3156,c89f3816d5cd97b8d49b07727714975b836cc7e9,hjkgrp_molsimplify
3157,c89ff06e5687c5250c59f6691837c20f70b71592,hjkgrp_molsimplify
3158,c8a9f1f6bcd6a8a1793b394fb4da7b85cc60752a,hjkgrp_molsimplify
3159,c8d7ac28fd24ec53312b241a8c9cc27c0d971a5b,hjkgrp_molsimplify
3160,c8da45cb9f5818e789e6b18329d51af6f36c9c89,hjkgrp_molsimplify
3161,c8df93fa5aa94b9051dd1fa81db5325f968691df,hjkgrp_molsimplify
3162,c8e135b32f252fb69d6f84700dc26b326dee14d8,hjkgrp_molsimplify
3163,c8e9119da37cbf7eba8460aae156770262a35ead,hjkgrp_molsimplify
3164,c8fc22482a7b635c580ca4b75323031ec678aec5,hjkgrp_molsimplify
3165,c90bb448105515cd9b16f327a237f95a5a0ab5f0,hjkgrp_molsimplify
3166,c926102f6674f71e9726c9fd11ea2791be34d5a1,hjkgrp_molsimplify
3167,c92a2187f55c3ac8e6ac123ef2f5ff6d755f1bd9,hjkgrp_molsimplify
3168,c944f5dd38b92ea54b21c91d1e7ca25b2b56ad99,hjkgrp_molsimplify
3169,c95b5ef577990d92414afcf46b784128ed770c6d,hjkgrp_molsimplify
3170,c967a97c79b2c82b3c929f089f6101915f07ec34,hjkgrp_molsimplify
3171,c96dcf2b991ebcd2737e4aa3227bca732e582991,hjkgrp_molsimplify
3172,c97ebe9b70af38ce5dcef9dfb851c4c3162baf17,hjkgrp_molsimplify
3173,c98a6c25af8ef04f37ba102778806ea564edab2a,hjkgrp_molsimplify
3174,c98d81b3ab010cf98d4ae1c177a087c02f63b2ac,hjkgrp_molsimplify
3175,c990c661d81f1c6505cb8aaf5f80deceafb8b01d,hjkgrp_molsimplify
3176,c9ad7d7bd9deeece83367136640acd4d4b7e5993,hjkgrp_molsimplify
3177,c9d0a03533721d90b6dc08d06c9eb529492636b2,hjkgrp_molsimplify
3178,ca0e3b07c882157e2a2307b40c1684ee10207cbb,hjkgrp_molsimplify
3179,ca13fd36c46190c3caeabd31bfbd537198917ac8,hjkgrp_molsimplify
3180,ca14f7044126cdc57a38ca1750ae49fb7b698992,hjkgrp_molsimplify
3181,ca156353f26269e978367f922367a2016cbbb766,hjkgrp_molsimplify
3182,ca1e3158e7e604c61368284ec36fc199d7f8a1fc,hjkgrp_molsimplify
3183,ca2613052bb90af861ce98a3dc8a3229805514af,hjkgrp_molsimplify
3184,ca32147660fa3a1094ea6d2980c37c8b4dd392a6,hjkgrp_molsimplify
3185,ca455fc28cbb42f6c75959030d3d29af3d3bc467,hjkgrp_molsimplify
3186,ca5570b680381dc00d7cb753c07ecb8f32a870bc,hjkgrp_molsimplify
3187,ca64150e7b16dbbdffb090edf9f5c8d4134e45d6,hjkgrp_molsimplify
3188,ca66c204057384d470fbf19440c8f44c667aacec,hjkgrp_molsimplify
3189,ca6883a4eb7ed61ae42ea744ee001fd178c710b0,hjkgrp_molsimplify
3190,ca6e2c02b94fb01406d2a1dcade3d13a4edf75e2,hjkgrp_molsimplify
3191,ca92db9a45cb8138d2933601e62ba77d667a6d5e,hjkgrp_molsimplify
3192,ca9c05eb2be688c450c95e75762d2cef4809d3e1,hjkgrp_molsimplify
3193,caa1e66868c306356239b4f1be60e5b6fa98f280,hjkgrp_molsimplify
3194,cac1b880878f8ea9aa3f40a910793dde52ea5d90,hjkgrp_molsimplify
3195,cad3a712db39e13dd29d2136db13e5e8617af3fd,hjkgrp_molsimplify
3196,cadc5bde3d0d74913259a60548e109729ede8d25,hjkgrp_molsimplify
3197,cadcedc82463599b59ef7b9c5cbbedf18b2e0f6b,hjkgrp_molsimplify
3198,cae4ba58b9f9fabb3ebb9f5e31f144255f1952d3,hjkgrp_molsimplify
3199,cafcf09251fc3ec6624fff09626baa44db804f3a,hjkgrp_molsimplify
3200,cb0a4471def8b3c6a4d47a3bf5039d9648a8eff5,hjkgrp_molsimplify
3201,cb31595e4733c5292121ef0b1e08084dc24809ac,hjkgrp_molsimplify
3202,cb65b2d1d4309b86aa1dfae483b8e1793e15ce32,hjkgrp_molsimplify
3203,cb75cb30bbb47817ac3e28f0f8e53b39ffaf85a6,hjkgrp_molsimplify
3204,cb8a04dffbe36fabfa07ba146a0a9aa3b1d9721b,hjkgrp_molsimplify
3205,cb913ccd4622d0d51b7b3c5b45ac08a4794fbdd4,hjkgrp_molsimplify
3206,cb9cc0455ef72b325efd20a97629bf5abe01cd61,hjkgrp_molsimplify
3207,cbb4c97afe75d14c0ad63ff079950164f43bed1e,hjkgrp_molsimplify
3208,cbbac68a570f18ce70395ae079516b6a06b0ac35,hjkgrp_molsimplify
3209,cbe6a91855201e6eb275f581dd52b1fdb264c150,hjkgrp_molsimplify
3210,cbe9461e3293a8063025b93f188b9449a555a149,hjkgrp_molsimplify
3211,cc119705e26678866c4a38b6c051d0ff0012ab1b,hjkgrp_molsimplify
3212,cc30071f72d676cfa7fd90a05ac36a576353661b,hjkgrp_molsimplify
3213,cc3051fbdf3bbfdbffd7e432991abcd08aeb4f9c,hjkgrp_molsimplify
3214,cc6a223aeb2569e53d8026c828fb33854b223c65,hjkgrp_molsimplify
3215,cc9933b2c7d73bd58879008bd936e849c19365c8,hjkgrp_molsimplify
3216,ccaac1c116957cb0201eec338710c79d87b41f3b,hjkgrp_molsimplify
3217,ccacbcd8aded5a844900d2dd33ad44f1eb57c911,hjkgrp_molsimplify
3218,ccb1828bfc78246e42ac12e960684ae4dd5b6d15,hjkgrp_molsimplify
3219,ccb4dc4747c77d98db26d6789f37307e09eb11b1,hjkgrp_molsimplify
3220,ccc13db92ecf410f1cc2f6a78f6bc43d3b2b16ea,hjkgrp_molsimplify
3221,ccc8c3107d24bc881397cfb19f5e9e2c18a44a3f,hjkgrp_molsimplify
3222,cd02ad1961c5063d1707787caba05f72fc07ef3f,hjkgrp_molsimplify
3223,cd20a19b3779fe7601373da825f27e8038cea944,hjkgrp_molsimplify
3224,cd330d5a04ee48cbccffd2e19b654211721185dd,hjkgrp_molsimplify
3225,cd347d908df6e0bab544c3e98444593e48486eac,hjkgrp_molsimplify
3226,cd3953e9a215f262792088a76ba48f2a4c5d624a,hjkgrp_molsimplify
3227,cd55fb4a7e08cc353d26a6b56b1b4526a5c5ddaf,hjkgrp_molsimplify
3228,cd5a5f3e37a03a5f1bd66d42dbd16609fc94d861,hjkgrp_molsimplify
3229,cd684dae794ce6168a71a0993d5547c3f27a59d4,hjkgrp_molsimplify
3230,cd86b244718ba6e81ca166ad5ea8da54f3bed18b,hjkgrp_molsimplify
3231,cd8702bcb21dd0a5c1097158aea4db3f646d18e3,hjkgrp_molsimplify
3232,cda7faee0d3412f48fce0b415a116ddd7515740e,hjkgrp_molsimplify
3233,cdb7c577874adf64d82d5efb52c15ce6a56a49ac,hjkgrp_molsimplify
3234,cdc89705080e76d45cf93a1a15b4bfc38e7009d2,hjkgrp_molsimplify
3235,cded44f4cd1ece8141b95188afcef5b16cfc58fc,hjkgrp_molsimplify
3236,ce0abf8cb589cd7129f12ac68df12b0fc44d38c7,hjkgrp_molsimplify
3237,ce0c21da8061a01b2e57cefe69fa84c6d1e9cd25,hjkgrp_molsimplify
3238,ce1bd697c560c2f9d3874073577a391c451c7754,hjkgrp_molsimplify
3239,ce39a428973720c8de4fc59827d7fa3bc6e906c6,hjkgrp_molsimplify
3240,ce61ee68a552fe43ba080906386d0b16f94c4e9d,hjkgrp_molsimplify
3241,ce636c89421c1383fe9815c1cf6308cf1867f0c3,hjkgrp_molsimplify
3242,ce67286e33ae5d0018001a1ae0d93a4f0fc0eea5,hjkgrp_molsimplify
3243,ce6f09d3a050e78d0f6919324aa4c5ce2cba7626,hjkgrp_molsimplify
3244,ce75e89565a791731c5166a29eb0a19721d40e5d,hjkgrp_molsimplify
3245,ce7bee6895927989729b5891e13d1f06cd82194f,hjkgrp_molsimplify
3246,ce7f30932e28e6e7ed3f40032bc76c14d5b0b4fb,hjkgrp_molsimplify
3247,ce8e7d53f46c82eca32e547c42f12236e752029e,hjkgrp_molsimplify
3248,ce90a2773f0efda6396802132a7f01dc8a9e03a6,hjkgrp_molsimplify
3249,cea12c11c29d394f2ace1e5a872375ffde69f511,hjkgrp_molsimplify
3250,cea37b97d02f2688517ab9f788b10c68d6859ef6,hjkgrp_molsimplify
3251,ceadd1f43306e6273ccd98f232f4551573c25769,hjkgrp_molsimplify
3252,ceba7032fc085e841e9ee7f4f0965a5b501b9dc6,hjkgrp_molsimplify
3253,cec68bfb3e1c3875abd9bc4fc886dec07c0cb470,hjkgrp_molsimplify
3254,ced4b6cc7e0dd8bdbcf8f83646eb2e4a50f6eb94,hjkgrp_molsimplify
3255,cedc3795bba736e2902c3990f5631a220e029283,hjkgrp_molsimplify
3256,cedf50c0771d1ae33b7ef33f3528b9c94e048552,hjkgrp_molsimplify
3257,cef07072bc5fa259300b3c363a3a05a08ae2fafa,hjkgrp_molsimplify
3258,cefd559cc80a9e0f8af1af1a82efa9b1eccd3995,hjkgrp_molsimplify
3259,cf1828b7a38b33993fbdd187b29c3a2e82453954,hjkgrp_molsimplify
3260,cf3bb2b4e924b5823efbc7a93e45ee688f568452,hjkgrp_molsimplify
3261,cf4922766c31128a9dde55cdd436bf69b097c9bf,hjkgrp_molsimplify
3262,cf5d395fe4ccab3e8eeec10e9c762ff417b67ae2,hjkgrp_molsimplify
3263,cf67366139e417b9f86ac25d51a4ef6d4fc20ca9,hjkgrp_molsimplify
3264,cfd0da9480963ea868e2d05ca30351c086f9c1e0,hjkgrp_molsimplify
3265,cfe3deb91937efec9848ba9bd5cfe2b2cb60cec9,hjkgrp_molsimplify
3266,cfe9c1513dc6ff6db11aed2238c4f761da34c33a,hjkgrp_molsimplify
3267,cfff7bf57588caa6e46ed139331ba37d9f34b5d7,hjkgrp_molsimplify
3268,d0380b1df4b77a93681d72d737fc57a76327940a,hjkgrp_molsimplify
3269,d03905c467762d8bfd845c2d04f84b82d5677731,hjkgrp_molsimplify
3270,d03d55c3a450b19b792c16ff0af09c54015c089d,hjkgrp_molsimplify
3271,d05bea3dc4b5a421884b637b55e29e4fd53da74f,hjkgrp_molsimplify
3272,d09b60729868527be68788462573636512af8b9b,hjkgrp_molsimplify
3273,d0bbf95267200c76bef72fbec1f22b8119784f3f,hjkgrp_molsimplify
3274,d0d255fc99a8f3143c4ef40ffeafd291570aaec6,hjkgrp_molsimplify
3275,d0dcd70719b469f8e01d645a1139a590bc23911f,hjkgrp_molsimplify
3276,d0e06df072c46bf771e9de6fe8b07b4ea7dde629,hjkgrp_molsimplify
3277,d0e8443c24a431f9eb81c2542d455c6f2c41bbdd,hjkgrp_molsimplify
3278,d0e9f999f2b62e4b4cd57f6e06962412323d22b6,hjkgrp_molsimplify
3279,d0f8d7d365bcd95bdb5eb58cafc472ed4fe697a7,hjkgrp_molsimplify
3280,d0fc3e159a27b37fa4609a1444812cd03029167e,hjkgrp_molsimplify
3281,d129df12af36d5c09474afd1cadd48ef9dd47171,hjkgrp_molsimplify
3282,d13512f4d6724b6f743826bc223a5b2e48bf009b,hjkgrp_molsimplify
3283,d16b45ab1b4814c64d9b4924c59e918fb57a0c61,hjkgrp_molsimplify
3284,d172d305d6962d81357962a3bd3b17535e902a35,hjkgrp_molsimplify
3285,d17b41d0c43441972437b30acc29babf712f14b6,hjkgrp_molsimplify
3286,d186bfa8582fcb3c23a0d99b759827f6b89dcd8d,hjkgrp_molsimplify
3287,d1a889d92f68de45d80cafc74b71d42b4f12a6f8,hjkgrp_molsimplify
3288,d1c201a0b743455e50910a18e63465065643ee81,hjkgrp_molsimplify
3289,d1c2b1fc6aa27990760f790d0564b55a30190b35,hjkgrp_molsimplify
3290,d1d682ecd94478e899546345ddbc510e2ef15be7,hjkgrp_molsimplify
3291,d1dbee1e6227a44b68ab0e9d3e8181c0b158d1d9,hjkgrp_molsimplify
3292,d20269991bad3f9828a90c74fc5a8dabd85ebec9,hjkgrp_molsimplify
3293,d21acbe7b386cae31d46ddce3bff8bd55f17789c,hjkgrp_molsimplify
3294,d232999e630022e378f7f13d042cd72dc6187200,hjkgrp_molsimplify
3295,d24531c6d733c9bf719a37be749d91e7bbfcfaaa,hjkgrp_molsimplify
3296,d25f3354d8b70afa97f881e92cdef459170802f8,hjkgrp_molsimplify
3297,d26028ca80505e52948f35fd51c933aa1705645d,hjkgrp_molsimplify
3298,d26d0ce571ad9bcbf12e8e7c35c6fde2e2ce88c0,hjkgrp_molsimplify
3299,d275d50c2fd9ed14d880aa7364e6cda766872e92,hjkgrp_molsimplify
3300,d28b78900300b0b437b925f5f681a19d6f48880b,hjkgrp_molsimplify
3301,d2920a28b6e2f5ba63f37345db13270c4e5b6e15,hjkgrp_molsimplify
3302,d2b42c806e7231a8551e94a91484d32236ca19ce,hjkgrp_molsimplify
3303,d2c7d2c75917025a5bdac012b9c655947df64731,hjkgrp_molsimplify
3304,d2c9ed5951d4ab6c3f513efd49a0fc1de7fd3906,hjkgrp_molsimplify
3305,d2f38487103c072a2eec9d18825bf27008adc402,hjkgrp_molsimplify
3306,d2fecdf61932956fed6e3a861cf79ed05bc5483d,hjkgrp_molsimplify
3307,d3090985180d34c1d05d8aa902e39f4c654c7503,hjkgrp_molsimplify
3308,d30dcdc1199c2d4fbaa14d68f5172001974c22e9,hjkgrp_molsimplify
3309,d31a88330c231c08acd95f0f5114f102de7084bc,hjkgrp_molsimplify
3310,d3226cc2fc1170e7057d5d2f558206e8116ab207,hjkgrp_molsimplify
3311,d329ce2c9250d6d98020df361caac9bf03bab41c,hjkgrp_molsimplify
3312,d34b77090ba9bc5b069904f5cc83a8f87d21a639,hjkgrp_molsimplify
3313,d34d3684375edaed15197d9977e1849683481a17,hjkgrp_molsimplify
3314,d352d0c54db63a3523047a7647b3b36c6151608f,hjkgrp_molsimplify
3315,d35d5af30abca7e5fb7485f266e42d6022545f46,hjkgrp_molsimplify
3316,d36f4c75d74b41b0d0a6105fed8d633f2b2a799e,hjkgrp_molsimplify
3317,d382f222e25bea10374a5f002885bcb493e25b8a,hjkgrp_molsimplify
3318,d392d2cc3e5dd2242cce1bafca9d000ffa19a375,hjkgrp_molsimplify
3319,d395fbe6ba0e7096bf3dfaabbe619302823a73b8,hjkgrp_molsimplify
3320,d3b16e531e26fa51dadf6e210c4bbbfa1208d471,hjkgrp_molsimplify
3321,d3d32dae21630d4e1ea07843f4b25ea1eda8a5de,hjkgrp_molsimplify
3322,d3f513f992fa6b535105b3242017ebf4fb3e1829,hjkgrp_molsimplify
3323,d3fa13c1698a63bf6c01f1739eae0c10cd5cb440,hjkgrp_molsimplify
3324,d3fa63deeaf53ea60420009d64cce63d203a5c3f,hjkgrp_molsimplify
3325,d3ffbf103f2010d344499d1e5c0f88bb0340c468,hjkgrp_molsimplify
3326,d4119f7dd38e6177001468829b51b87d1c39ea8e,hjkgrp_molsimplify
3327,d4129ca9a5cf3bdb6a39e335bf4ce3c63fd21ffc,hjkgrp_molsimplify
3328,d4166f27dc34e35a1d60f6ad5c2939c1411fca5f,hjkgrp_molsimplify
3329,d41e9491436417d124aeffcb4bb62b490301e06c,hjkgrp_molsimplify
3330,d4288550439ee29d34897340e82376996fa07cc3,hjkgrp_molsimplify
3331,d438ba45e53025d751156054083bb6b379461e80,hjkgrp_molsimplify
3332,d445de39d0b88badb3c7de01f3eb0267e838b290,hjkgrp_molsimplify
3333,d449e128ab79600892a080994643561b1ae3eee1,hjkgrp_molsimplify
3334,d44f4984f186af8ccd59af2bc446e55b4d7bb3a6,hjkgrp_molsimplify
3335,d45b4b9ce922bd4d24e5f0d125fb6a47738e2755,hjkgrp_molsimplify
3336,d45b87c07265b149ac01bbbeebc579e8e168cc7e,hjkgrp_molsimplify
3337,d45c1e497c280f8052cb678463643219556ad0a8,hjkgrp_molsimplify
3338,d4735340e5431953866fd93b424522eb88197b2b,hjkgrp_molsimplify
3339,d48b130bd0a7910a71c17f30bc742160b73425ad,hjkgrp_molsimplify
3340,d4957dc22bc2dcf3c252bb7be8131564e3406ee0,hjkgrp_molsimplify
3341,d49f3396afbb085544b265b13860153fec9e9a11,hjkgrp_molsimplify
3342,d4a558a33cfcb14d5e57a25c509def14cbf30613,hjkgrp_molsimplify
3343,d4aa89bbd5115afadd81821b07f50e4af08c2b15,hjkgrp_molsimplify
3344,d4b01bf08aadb4c9a78b1587840afbfc8adaaa8c,hjkgrp_molsimplify
3345,d511bd0a333ab8d60c376fd42dcc3599a665c29d,hjkgrp_molsimplify
3346,d51bd5015d1423e4e9d8da3d29d8f8d039358473,hjkgrp_molsimplify
3347,d532335279207d40e91ef7bc10abd16cf0889201,hjkgrp_molsimplify
3348,d541fe040e8f44c01d15da21f9233bc881fb70a0,hjkgrp_molsimplify
3349,d54d541398cb49d582851e9f2cb8a79cf72a766c,hjkgrp_molsimplify
3350,d56775cc7383281b650424d018952744306e90c9,hjkgrp_molsimplify
3351,d5752dfe94dfcc61560feb313b4592311aa20875,hjkgrp_molsimplify
3352,d5a7e9f595bf61868f9ff04c9304dffa9db31a8c,hjkgrp_molsimplify
3353,d5b6128c2d1fcda9a3f5156e297d6c4b3985bb9b,hjkgrp_molsimplify
3354,d5c920fc3a9127765558ef1e3fa8058e502e15a8,hjkgrp_molsimplify
3355,d5d6e06b4bf76f6c0a1dcf0f3712928b14ed2a16,hjkgrp_molsimplify
3356,d5ed2f60d32610e8469681904cae653f7e02f20b,hjkgrp_molsimplify
3357,d60fdf67ae59f6d0eef26c41fd16f94f17dafd86,hjkgrp_molsimplify
3358,d634e35d6d9f02f7948ce906e20e955eeec7d3ba,hjkgrp_molsimplify
3359,d64ff3328a2f21af84f55d37c85b54b90ddb95d0,hjkgrp_molsimplify
3360,d66f6fae65b55a5b14b2c103c2c5ee9454f1f96f,hjkgrp_molsimplify
3361,d6796e49b8b37152675072fbab34cf75db769428,hjkgrp_molsimplify
3362,d6951519be81a5f293c588c70c8b4718fef2cdd1,hjkgrp_molsimplify
3363,d69bde64eec0d9579a995301ff8d0c3d55d71ec9,hjkgrp_molsimplify
3364,d69be3615920f917a1152ca9d2073d231eb5956d,hjkgrp_molsimplify
3365,d6a309d2bb1f58ebbdecaeb451a24fe0cb7fe64c,hjkgrp_molsimplify
3366,d6b284f24b848624472016a0c040c72886e6b860,hjkgrp_molsimplify
3367,d6b5d7f42103a1b2bce7e72aa3095375012dde61,hjkgrp_molsimplify
3368,d6bf37742e11a6e0dab95bc914e400a4e60a2913,hjkgrp_molsimplify
3369,d6c7ff53c053e568fecac6fb9b919c263029f71d,hjkgrp_molsimplify
3370,d6f5dde7f60886e49321b744ad2d0e6656b23d83,hjkgrp_molsimplify
3371,d70129eb749a5cc855199db2a2bacf6e89d1ec26,hjkgrp_molsimplify
3372,d70be714d25d5cdf416334fea05742c3ed12facd,hjkgrp_molsimplify
3373,d70ded0b2031850b126f149b923645895dcbd44f,hjkgrp_molsimplify
3374,d7299c4132c879dfe2bb4260f602efaaa0b0a8ec,hjkgrp_molsimplify
3375,d73534cb0120efe2705ba7689e11aebe937e5098,hjkgrp_molsimplify
3376,d76efdcc71b04f02326c4d5e9d5b3229ae0a9039,hjkgrp_molsimplify
3377,d77419941eacd1cfe8d162983e181dcff931e8cf,hjkgrp_molsimplify
3378,d78723af9cce43a3b2f05c764fc4b65ae0fd9c6c,hjkgrp_molsimplify
3379,d7905d1e7ab327e99647acd9e4c7734e8b1cd910,hjkgrp_molsimplify
3380,d7ac975740f79cae5d4504bd47b6f351225c30b5,hjkgrp_molsimplify
3381,d814cee3c06c2089544e37d13682d59c327cb3e6,hjkgrp_molsimplify
3382,d822a16df1cf788b883e138569c0b6f8345586ee,hjkgrp_molsimplify
3383,d84540933f733185c9db82b0592e6bafcdbe8650,hjkgrp_molsimplify
3384,d84e10715ee87f7f92f71089197857f508b47c2d,hjkgrp_molsimplify
3385,d84f8552112a75767c4e2dadbc7ddcc65f60c66f,hjkgrp_molsimplify
3386,d86165b413a150a2baf56c3c626adb016a2b458c,hjkgrp_molsimplify
3387,d865ca27d9493ada51c631c11459200e67cc88f4,hjkgrp_molsimplify
3388,d87e466df79945c4b8ccbb16973e4e92c9b50397,hjkgrp_molsimplify
3389,d891fe5075e9e32a77616471f7fc7c8279528802,hjkgrp_molsimplify
3390,d8b6cd3e9cd8b976cf01f1c452884dc17e7ba6fb,hjkgrp_molsimplify
3391,d8cd523f2cb63df2effa9af205c37d380e78768e,hjkgrp_molsimplify
3392,d8d57d63ae7d988d3e08e0f21bb917fc627b982b,hjkgrp_molsimplify
3393,d8e08c461f28da56d479f706de7f0d19ae6422c0,hjkgrp_molsimplify
3394,d8e6ec4cb41fd43857cc71c901be0ba16de637fa,hjkgrp_molsimplify
3395,d91baa6a4b0267e8cc2ef9e21d06a75bedcbe14d,hjkgrp_molsimplify
3396,d92da41bb35aa4d0e5d6f0a477264a7f9b90ce93,hjkgrp_molsimplify
3397,d94253faf6aa45c2a9e2e518c8c423691b5fdbbc,hjkgrp_molsimplify
3398,d9463589e86c605b0fd568800039af2476bbac43,hjkgrp_molsimplify
3399,d96b86d0fc58cfad7be0b783a391b164aa3d67f6,hjkgrp_molsimplify
3400,d9786527f34af7d29c2080d8b1bbcc05c962d741,hjkgrp_molsimplify
3401,d979f265caf5c05e6b4e80d5139398f0fe3eec76,hjkgrp_molsimplify
3402,d9803de18fbadf83acb848f926829d1134a5c2f3,hjkgrp_molsimplify
3403,d987494b801b944e7c552134feed79a731cc80f0,hjkgrp_molsimplify
3404,d9923e2e41a4811b8b276bc7de0235b510c175a4,hjkgrp_molsimplify
3405,d99ab18ef7c55af4d6db7f3bccc34442c01da371,hjkgrp_molsimplify
3406,d9a97ee97030891b68d45d073f125b8572077f15,hjkgrp_molsimplify
3407,d9ce15eaf3a3cfccb2dd56cac12e19cdd3871d98,hjkgrp_molsimplify
3408,d9e855998181acd9b5fa173b163a3e01fad7cf10,hjkgrp_molsimplify
3409,d9fc5e9b3965cc051ae2796d373d74584456e2f9,hjkgrp_molsimplify
3410,da02ef53a5e9d3247bc3d0e065457f40b2271052,hjkgrp_molsimplify
3411,da035d029d75e804f82e4fccb5a72de3068043c7,hjkgrp_molsimplify
3412,da135c8a80d8e590fdb012116aed67003317491b,hjkgrp_molsimplify
3413,da29e8a17ce00bbc3052a03451cef2014e2a9b2e,hjkgrp_molsimplify
3414,da4d0c44478af313169b12edb5cf12d6181f1365,hjkgrp_molsimplify
3415,da6cf12c050dc2b84b500a453dbe2e18bb9ab256,hjkgrp_molsimplify
3416,da6ee0cdac245019d5efc5e8ce30520d13a40e59,hjkgrp_molsimplify
3417,da77e1a7c6496631b4e72e65e12625c226f50cd5,hjkgrp_molsimplify
3418,da838b5b6171c1be9de242102f895a62ff4e64d9,hjkgrp_molsimplify
3419,da8e85df263fe9d07231d08d6589adf9ea47ea30,hjkgrp_molsimplify
3420,da9841e2e9951f0b2b270f6b4f6b3407ddc541a2,hjkgrp_molsimplify
3421,da9dbb33a6094d388fb296db9bb44e4bf2fbe2f7,hjkgrp_molsimplify
3422,daa51cb685d42b45c27c7a20bd89d5f203685682,hjkgrp_molsimplify
3423,daa6f88a0a043d2347ac2f6508715d7c683dd70e,hjkgrp_molsimplify
3424,dabd187bfcc4eea75c4c472c22e383b627020b0a,hjkgrp_molsimplify
3425,dac29fa375603793d0c99584a917a23adf6cea52,hjkgrp_molsimplify
3426,dae9584df5befe070f88520072f86ba6dc979ec7,hjkgrp_molsimplify
3427,dafa6c7340b4502f2cfcbeeadf7bb17e5919c572,hjkgrp_molsimplify
3428,db26cf14af355a26219ff90aaf7c4e5583bee1d4,hjkgrp_molsimplify
3429,db55d97b2f24ad922d86fce7ee5395d0e9256d19,hjkgrp_molsimplify
3430,db5e9ee294d12f9f328527b550a343960888039c,hjkgrp_molsimplify
3431,db6e512ede3ead36ce84ff37a5a4793a041187a1,hjkgrp_molsimplify
3432,db7532facbfc79d5cb420edbc5bfa30b8d127dff,hjkgrp_molsimplify
3433,db7f84083438812e84e4c8c220f9097e23b5d32b,hjkgrp_molsimplify
3434,db85709ec74a33e8e955f969ab1e4ca2765887d0,hjkgrp_molsimplify
3435,db8d79c4c9d598d28b3eaa0455d4b5751e59ddb8,hjkgrp_molsimplify
3436,db90900eda934223ac4c72f7fc2410ba2b6f129f,hjkgrp_molsimplify
3437,db9da0ebbd8b48fe6c78b525389184b8188d1820,hjkgrp_molsimplify
3438,dbaeb48aa5efc10faa6df67da32966043e487f64,hjkgrp_molsimplify
3439,dbd5ad58ef8e4ef672db1aa2263f3746ede24583,hjkgrp_molsimplify
3440,dbe214144c4a068027248fb24113c8d5cf0ad7f6,hjkgrp_molsimplify
3441,dbeae23867ca53d7635b5f40608dc7f23fd50fca,hjkgrp_molsimplify
3442,dc0c732cd94d6399c41c77ca1db0fa41107f5583,hjkgrp_molsimplify
3443,dc137405de64dfbfc36bafd8c5b6f7ee4641f401,hjkgrp_molsimplify
3444,dc21b293605a228f86963335afce2cb6de7d8021,hjkgrp_molsimplify
3445,dc29fa736d5e179835c50dc2a54be364b279a036,hjkgrp_molsimplify
3446,dc31696f6358872ce1edb89fd46492a4fd656cb0,hjkgrp_molsimplify
3447,dc45872c6547ef934891bcceb1ec749f601a1c64,hjkgrp_molsimplify
3448,dc6260a09deb8e27e01cd4353be8c652de17e484,hjkgrp_molsimplify
3449,dc6685aea304b851b46b06cd2154f4ef5406f8fb,hjkgrp_molsimplify
3450,dc7593c8b488c178c2fd9355992209de6e458d12,hjkgrp_molsimplify
3451,dc8e9f1ea85da28eb76e3d238de918c711c0ca97,hjkgrp_molsimplify
3452,dc98b0551a30f861dec87f9600c170b558e73a87,hjkgrp_molsimplify
3453,dcbf1b2f28c9023f85fa8d4c2096f790ed9541d7,hjkgrp_molsimplify
3454,dcc501e8cef14cd0f8b46155557fdd1329527ed2,hjkgrp_molsimplify
3455,dce57b9cf98305a16068d55702dc853605d3cb6c,hjkgrp_molsimplify
3456,dd103b8628c2f16470820c828ccffbc8504194e2,hjkgrp_molsimplify
3457,dd17430b9106f64f089b3c1333f6062f633d5da5,hjkgrp_molsimplify
3458,dd2db81e9975db3895aa3e7603b1c26963faba5a,hjkgrp_molsimplify
3459,dd2fd42bc9feffe254e99d3ab643679db4ffefef,hjkgrp_molsimplify
3460,dd33444ee0c60691f955c28061e4e9b966b0f89c,hjkgrp_molsimplify
3461,dd49567c0d0fa73e45ecefa0c0cf9c66271fc4cc,hjkgrp_molsimplify
3462,dd4ae6c0ac5f51fc3b92414329bef0c82b1ce610,hjkgrp_molsimplify
3463,dd7e7f47b444c2847e8c4c313d74e32b255d4112,hjkgrp_molsimplify
3464,dd8b4fd9eafb770df958164357714da733a49a2d,hjkgrp_molsimplify
3465,dd92b55018de559123fd7f24c6ca1366baea1c61,hjkgrp_molsimplify
3466,dd9ce3343714853055742d5c14514a9a716dfa7e,hjkgrp_molsimplify
3467,ddac61271abea0206c5c2f803de4f24c2d600c68,hjkgrp_molsimplify
3468,ddb11ea55eea2c6d4fa3757d9857796c850724a5,hjkgrp_molsimplify
3469,ddeec8612c3dbce7c8339ad6391877f04e275a14,hjkgrp_molsimplify
3470,de04e63cc5108efd6de5da89ae5ba2c86fcc1591,hjkgrp_molsimplify
3471,de0e5489351d80344cc233debea7fbe5b159f0b5,hjkgrp_molsimplify
3472,de408f6620566385d85e03087f5d97eef7922ac1,hjkgrp_molsimplify
3473,de4b28b934d4d5d36d0d055edfada538de02d160,hjkgrp_molsimplify
3474,de64f61e0e7fb9594dde1e9a856260cf634c06f3,hjkgrp_molsimplify
3475,de6ced462ea3a39e82780b3ace819c5b832d6b20,hjkgrp_molsimplify
3476,de7c2cb9ae94c1d5e7c359028f674139b6cd4252,hjkgrp_molsimplify
3477,de8fe7579c5c02d926b6123375e7b49e9f959194,hjkgrp_molsimplify
3478,dea1be4ea63e805ee6708681a28ac0faec31a6ec,hjkgrp_molsimplify
3479,deab4cfe9cae2025e43c6bf8b0a41cee25b83a38,hjkgrp_molsimplify
3480,deb60c9cb59e8cb4260f1bfad2c49569bac5ab8d,hjkgrp_molsimplify
3481,debae260b7e17068454cd5befdc09e2c234b61a4,hjkgrp_molsimplify
3482,debfe25d5483d9b90cef74d7f5bb6143a8679150,hjkgrp_molsimplify
3483,dececf85c66d3fa6f9444da61ebd1878593c18ff,hjkgrp_molsimplify
3484,dee07b80afd32f06becc5b101b21805cf9152585,hjkgrp_molsimplify
3485,dee1d0cbd62cbbe0f6d74336da2d28375edf7b0f,hjkgrp_molsimplify
3486,deea1f300f46a2e1599f0ac24460258a639d20a3,hjkgrp_molsimplify
3487,df03872e24eef0ee1e14c588886696a539447f5f,hjkgrp_molsimplify
3488,df03a10eed83873f183b62f4e0ea414aeb6b04ff,hjkgrp_molsimplify
3489,df057fb8fb990f600f6b0ae55333f3b4b54fd0d9,hjkgrp_molsimplify
3490,df2f1d3bf15b61de4ab0677084180b47ddfc334b,hjkgrp_molsimplify
3491,df35bfa8d7a8b48a2a3e972c928e0f5d5866a9a1,hjkgrp_molsimplify
3492,df3624fd2ec08195f8d76de6664e1c0b6a9fc962,hjkgrp_molsimplify
3493,df4080f1b563d336fbe1d8c74977f1839e04952b,hjkgrp_molsimplify
3494,df428703e3d0b0859bef82ff955465424e6468bc,hjkgrp_molsimplify
3495,df43da33510d0ad79cc35ac31802faafebc1f129,hjkgrp_molsimplify
3496,df4f77829ab845369e7ba8c63b6dae38ea1e5c56,hjkgrp_molsimplify
3497,df56fab104a220cfd4e67b198830bbbae79a99a1,hjkgrp_molsimplify
3498,df596e4b6029159adac807bc121edbc9211986a3,hjkgrp_molsimplify
3499,df714be3edc85e35ed1ceae0518f9ec253f6212a,hjkgrp_molsimplify
3500,df71b6c5cb05d61d8807d06e2f378440eaf56a39,hjkgrp_molsimplify
3501,df7e1d6ded80d506caef5dca27a4fa0ca57d5fb6,hjkgrp_molsimplify
3502,dfa209b4e535ad3b4ac35e98604981239aa1791c,hjkgrp_molsimplify
3503,dfb0a98f0a59bdb35a46aed6c675a22cffa7dbd9,hjkgrp_molsimplify
3504,dfc0bdc830fafaa07861dcbd200ae8f389743d21,hjkgrp_molsimplify
3505,dfc1fc78b337ef240d56001e5ba9ec9d285eef10,hjkgrp_molsimplify
3506,dfcdd26dfdd962bacce15639b0a070f1eabb77c9,hjkgrp_molsimplify
3507,dfdd1dea954980e08ea348d733855b980f12dbd1,hjkgrp_molsimplify
3508,dfec0cfd4a733b5b10ec6c4984c7e919850bb7ef,hjkgrp_molsimplify
3509,dfefb69924727334afdd3ec8b7d9c58f698bb5d7,hjkgrp_molsimplify
3510,dff3a3ec40cd4ff7c939aa973fa426f4f870d069,hjkgrp_molsimplify
3511,e003f8dde6895e6ac10d5c2e39c67feec98c324d,hjkgrp_molsimplify
3512,e0046f5d370c1da3c295810a3a1dd0e6a0e194f4,hjkgrp_molsimplify
3513,e00e60249431e30e170fd3e026d8b87d1a6d2f67,hjkgrp_molsimplify
3514,e0161a77fa9a21e165c7b13f84bd8fe68e6105f8,hjkgrp_molsimplify
3515,e01636e1542034317e7bc853782ffffadb69dabb,hjkgrp_molsimplify
3516,e02944e96725059372fc1dd2c486273432673711,hjkgrp_molsimplify
3517,e035011126db7cb1aa2bbbb2ec20bb9b3a08dbd0,hjkgrp_molsimplify
3518,e0689e6e4cae238bd176d3a367ec5c59471f5e13,hjkgrp_molsimplify
3519,e06af3475e144bb5b4151e86161e2d2c06427414,hjkgrp_molsimplify
3520,e06efa572829bed4c00eb1933f42ab27ef07d67e,hjkgrp_molsimplify
3521,e078904b8872cc236fc5d3d238ad1ff0c381620e,hjkgrp_molsimplify
3522,e09c7eb062f7f7f23380d740274943ed35cd5f64,hjkgrp_molsimplify
3523,e0ccc204ecc09772c9a923e4b9a94fb83c2aedc9,hjkgrp_molsimplify
3524,e0f4c43c0b38acc0cffab3c9d643178c004236ec,hjkgrp_molsimplify
3525,e0f5b2b904e52e8e8bd398d8c7a1e6bad8d0333b,hjkgrp_molsimplify
3526,e0ff33feb83b9ba2d1067e6ff6cb51b6d1778161,hjkgrp_molsimplify
3527,e103409260d494d1f07d621083672d47798c10cc,hjkgrp_molsimplify
3528,e1118f8e08d514aacd729a4b7feffe324fcd9039,hjkgrp_molsimplify
3529,e13e1e789d87dc68cb83bb02b3ee763566d64fde,hjkgrp_molsimplify
3530,e148b4b74d1027f323cab3b466bf46e0065be539,hjkgrp_molsimplify
3531,e14f5d8226a2106c3e85d9765f46709a2a62004c,hjkgrp_molsimplify
3532,e153c2444f86c0424474ed8d09a68c7d87449101,hjkgrp_molsimplify
3533,e1772b81cb56d5f5db87c49809d8786eb8965b86,hjkgrp_molsimplify
3534,e18b54d65a4c4da64ca74910c69b5020839d38d1,hjkgrp_molsimplify
3535,e18e937fa33d4b7599cf3c18996ce6f3571925b7,hjkgrp_molsimplify
3536,e1944e8f43d6ba4a20a8d3ea6be78af553553fcc,hjkgrp_molsimplify
3537,e19c5f73eb4bf5998ead205bb9ec368e4702c13a,hjkgrp_molsimplify
3538,e1b3ac138390289e517490faec6125450d79bca6,hjkgrp_molsimplify
3539,e1c07e49f782c0cee2f846943c99e1738bf5e09a,hjkgrp_molsimplify
3540,e1d01fa5655ebdcda4128a0425f43cd4f59f97f5,hjkgrp_molsimplify
3541,e1d3dcfe39f46af5930ab2823049ffa736215eca,hjkgrp_molsimplify
3542,e1d4288aeb311595a858f8f116ece276f6939666,hjkgrp_molsimplify
3543,e1dcb6d33c5c197f917a6df98472e4365300015e,hjkgrp_molsimplify
3544,e1de415212620f833cb465be38c1f498ee08de95,hjkgrp_molsimplify
3545,e2071d063af0626901c930c240f365b446ddbeeb,hjkgrp_molsimplify
3546,e20fd0ee416482482fc939ed8c299555d4427f60,hjkgrp_molsimplify
3547,e23adfa92f4c79a0bf11bf92c1655d8117aa54e1,hjkgrp_molsimplify
3548,e23fa3a6ad1a6d073753c15599b87a2f5d13179d,hjkgrp_molsimplify
3549,e2464e007099cf30f0c86304afc6463f930e159c,hjkgrp_molsimplify
3550,e248fee8c0f755455c29f06f6c4f1e28be7d6e9c,hjkgrp_molsimplify
3551,e24d3717b64ce7b31ede972b4521f4b9e1bc31f6,hjkgrp_molsimplify
3552,e284548fe34faa5f596548e998d568d2234c7845,hjkgrp_molsimplify
3553,e29c8992a8d264af78fa5b8934ceb52f3a58e6cf,hjkgrp_molsimplify
3554,e2ab529838f59b416572d038295c1754dc5f9466,hjkgrp_molsimplify
3555,e2be22321f8fc50b7cf2e6527a1117ffdb75ddb3,hjkgrp_molsimplify
3556,e2d400f9d417d58b0b3b39e4478a9aae4f50880e,hjkgrp_molsimplify
3557,e2ee0ea78dc0f43314a18353b150d45f7a29e9af,hjkgrp_molsimplify
3558,e2eea7125b5a373741cad971c50e7d3a8b33cf87,hjkgrp_molsimplify
3559,e2f0a7c084db09431b968f2a862c0a64282e5628,hjkgrp_molsimplify
3560,e30bd6218bcd8e84ac0376b4290bb27f8013a0bb,hjkgrp_molsimplify
3561,e36dfef18e208d83e0c9dd3ffa8a60a343c77b6a,hjkgrp_molsimplify
3562,e379c134fae3c32bb291b536cd8556fac7bcc5f9,hjkgrp_molsimplify
3563,e389676159b3d196d5491b2818e02a12f5445973,hjkgrp_molsimplify
3564,e3a156607593db1b8c068e5383f2e1cd49e7567c,hjkgrp_molsimplify
3565,e3af0a586b57178742c8369a33d1ddffbf921b17,hjkgrp_molsimplify
3566,e3b8890840349d0270c662b5c61a22ce80b87d02,hjkgrp_molsimplify
3567,e3bcded41806dc49e86a24f6a57e017563ea0832,hjkgrp_molsimplify
3568,e3c1d686f9ca80dbece0cf2d3dfc3d0abdfd659f,hjkgrp_molsimplify
3569,e3c2a8e280b328e38cb30e0338f6dac4df43abf7,hjkgrp_molsimplify
3570,e3caf7f2db8b6c4504c9c02880bab4d27b7eab93,hjkgrp_molsimplify
3571,e3cd727dd3db5d2cf3677bdbdbc3dce4b3fc1102,hjkgrp_molsimplify
3572,e4044762fea0a4b078d21fcfa8f42f7c65abc103,hjkgrp_molsimplify
3573,e40931b0cdfc639c80bf484342777a3aced0a40b,hjkgrp_molsimplify
3574,e412f625022f303d7cba1e65af76b282f1613e36,hjkgrp_molsimplify
3575,e4337793efa6a7ca54f0a4a44b379f941fe5be5f,hjkgrp_molsimplify
3576,e43d44e902260c6525d3981349555047613adc62,hjkgrp_molsimplify
3577,e44e2a5f87dab3a1f1b79ee6662fdb494f6d0db1,hjkgrp_molsimplify
3578,e457b3b875df48aed223e5437107adaa55116953,hjkgrp_molsimplify
3579,e4809a3ae42bd9bc7da9d5983a484afd7e826d43,hjkgrp_molsimplify
3580,e48158104a3c0d6aabfee5b64ff9c946ca44f33b,hjkgrp_molsimplify
3581,e491edad70a13f4614d2ff3d44aee28e3f9d8e76,hjkgrp_molsimplify
3582,e495a0958cba8dd417b6acf61d66fd86ceded8bf,hjkgrp_molsimplify
3583,e4a549661c6962afd29990aa2e6a59a00615290e,hjkgrp_molsimplify
3584,e4a5da713a18ed5938c3b3f5022fc2956423f3a6,hjkgrp_molsimplify
3585,e4b875129bafee3bcd1e7956e8c71a487aec6eeb,hjkgrp_molsimplify
3586,e4c9f04e4acd6acaa9ac5ddc3e6c4c80cae098f6,hjkgrp_molsimplify
3587,e4d3e3fb80c2f5ee648e532ef9dfa6569c19d42d,hjkgrp_molsimplify
3588,e4d5cf84c2f73c759d9df638e36a7bd780a357ab,hjkgrp_molsimplify
3589,e4dcc20654ebef9ecc0d6fec5892e01026afebe0,hjkgrp_molsimplify
3590,e4f3469d3cd0f1c554323a6461122a60f8c92c40,hjkgrp_molsimplify
3591,e4f652ea72754b5725835bc967bff34b50768869,hjkgrp_molsimplify
3592,e4f8967324361a055418a5b4e5d648746ddf3fb7,hjkgrp_molsimplify
3593,e5010bb2cb7471be0d2bee7626c453e52b6b847a,hjkgrp_molsimplify
3594,e50e02eea9392521f86c5463a724366fdd49e783,hjkgrp_molsimplify
3595,e5157142b77c80623e9a0ae0a880af6f525a6e42,hjkgrp_molsimplify
3596,e516f49becbfa7c4f06158f9900100657c7650d9,hjkgrp_molsimplify
3597,e52978fddc78b2a75fcd6726326238d0c234e495,hjkgrp_molsimplify
3598,e53af751d6db3881c6b50b70360d66a6e55e0229,hjkgrp_molsimplify
3599,e5570d6f598076dc2da8c40c56e3c2162458b96d,hjkgrp_molsimplify
3600,e56a19a6621602dd27435e127517ab6df930ef22,hjkgrp_molsimplify
3601,e5952d2795f5e8cd97c9dfa6d00ecfe7bb055c15,hjkgrp_molsimplify
3602,e5a4d048739e1e85421931d515ecd5aac0e598e4,hjkgrp_molsimplify
3603,e5bef6234c741167fb4bd286751af5e8b1863adc,hjkgrp_molsimplify
3604,e5c5efe20440ea0059a568084a33c7ce9a41b087,hjkgrp_molsimplify
3605,e5dd1d0dfd96b13458e9e63e6a2c48f2d74fec71,hjkgrp_molsimplify
3606,e5dfae37f783865ae7cf9af964fad3da44d4f1df,hjkgrp_molsimplify
3607,e5ec8aad9792f6e4669c3a2dd20798306ef8304b,hjkgrp_molsimplify
3608,e5f377e20f43e263efe99b5bef9a2189aa4dc3ec,hjkgrp_molsimplify
3609,e60610147dba6340eec6a15ce2d9b5bd491f5b02,hjkgrp_molsimplify
3610,e60919b4e95170de307751b66a6366333452e9f3,hjkgrp_molsimplify
3611,e64b930f3f13a8606e779f71b7478ff0ebaf5ba9,hjkgrp_molsimplify
3612,e651c67fb55a059327a518ffa87fdfb9ac70f683,hjkgrp_molsimplify
3613,e65d6f776a9b51cba11b13cf37d4a8d9eed4158e,hjkgrp_molsimplify
3614,e664dbb7a6ac4a1538a793aab3fb3a83c4b5629b,hjkgrp_molsimplify
3615,e682089ddb5a609473e8a41946d35e7e04ca2a3b,hjkgrp_molsimplify
3616,e68e0e06b96298ea1ae308adde90fd004edac498,hjkgrp_molsimplify
3617,e69c0628f7b7f347ae52b46b720abc3b30839f68,hjkgrp_molsimplify
3618,e6a060ad9de08be04a40108af5c0caaa45e8d02a,hjkgrp_molsimplify
3619,e6a8701a0f8f068c57409eb69da70948afbd93b5,hjkgrp_molsimplify
3620,e6c96576502143cbc7cd37795e812e98138a9c27,hjkgrp_molsimplify
3621,e6dec63d0552ae9dbb5e315028aac9371da443e6,hjkgrp_molsimplify
3622,e704595febd66a5a3ed116d04a4d0e9d6bf7138d,hjkgrp_molsimplify
3623,e71c9374e5e78d22cbb18f113adb21b315f1de1a,hjkgrp_molsimplify
3624,e738d90569cdc6a1b96514ac38c6dc067e815507,hjkgrp_molsimplify
3625,e756f3e741a80ab8c3e91f80a02ccf9a86e897ab,hjkgrp_molsimplify
3626,e758103cdd248fe743adfc8a2408d6fcffb6d7f2,hjkgrp_molsimplify
3627,e761717eeb6fae9c728118cf8f375f75e1d3490d,hjkgrp_molsimplify
3628,e76c897e5b4af59cec2a9223312d91ccc2b5f138,hjkgrp_molsimplify
3629,e77650c842a03c24ad948fe955921838499c6912,hjkgrp_molsimplify
3630,e78fa2fa4126b295e35f9dc5dcbcecd19b5e58d3,hjkgrp_molsimplify
3631,e79433f2865c37fcff6b1172421500c69e15176f,hjkgrp_molsimplify
3632,e7a2ffb594dca98052ba2716779eb91a9ee77c71,hjkgrp_molsimplify
3633,e7be54e79472356be12531d8f8bda26af395a44f,hjkgrp_molsimplify
3634,e7c0beb52de1af82955b7d683d99ba1d359c1399,hjkgrp_molsimplify
3635,e7d30905de82a44aec415ff12a05971c59caf332,hjkgrp_molsimplify
3636,e7d41dbad9d5974c3a6a185ba4fcd3f848eea26c,hjkgrp_molsimplify
3637,e7e5a50819fbf5eb169238b4bf3a4902fb9a9ad2,hjkgrp_molsimplify
3638,e7fdec2e7fddac62219b2593bdf2938e1e104111,hjkgrp_molsimplify
3639,e7ffbce003c09c85a59688945507f842c2b4505b,hjkgrp_molsimplify
3640,e816856eae2438d95f1ef460b2425a61e671c8cc,hjkgrp_molsimplify
3641,e81cc96f4c984913d1551435ae60bc4cd593fea7,hjkgrp_molsimplify
3642,e81e3a2de353c9c8647f66c33e94babe7904398c,hjkgrp_molsimplify
3643,e82032b36ca63d6e03539942b848bc3b8d2d58a5,hjkgrp_molsimplify
3644,e8238c25dc75ab097f3d2153f14cd5c58ef5e7f4,hjkgrp_molsimplify
3645,e82a58d4e82866a5a06c811b36babb875f80f0c1,hjkgrp_molsimplify
3646,e83d034fe292f63398c2f0a8d7d9491f1e215260,hjkgrp_molsimplify
3647,e83fbdaaab649fb1cabc04757ab0d663fbe176ba,hjkgrp_molsimplify
3648,e850c03b6f6566ec5a2d9282575163044496d14e,hjkgrp_molsimplify
3649,e8683323c9133f9f0589355b90be272615e00e0b,hjkgrp_molsimplify
3650,e87337d21339da3a619e2ba2a18d0399c55b4df2,hjkgrp_molsimplify
3651,e8811b4800d35c2d035608e9724ecda3336fa160,hjkgrp_molsimplify
3652,e8a32b5db3de83d64aac927d0cc26c5b1fb292af,hjkgrp_molsimplify
3653,e8a538f73ce37c7e554226145de9d50d3663c373,hjkgrp_molsimplify
3654,e8a581981cde26eb681badfbfff57e2bbeaf51e7,hjkgrp_molsimplify
3655,e8a6097330b576f9be528526a03282dfc11b8c22,hjkgrp_molsimplify
3656,e8b5ba27ee08823846ef073a2e5534402f2bfb5e,hjkgrp_molsimplify
3657,e8c31cf92421120db7824ff9410bdc3b3a8429ea,hjkgrp_molsimplify
3658,e8ce9d691fd621719962f85d5a98ca3c8737be05,hjkgrp_molsimplify
3659,e8dbfdcafba1aa4e99264dfdcbd6878f25e293b8,hjkgrp_molsimplify
3660,e8ee975e120f311668a6cebfc481899c8346dffa,hjkgrp_molsimplify
3661,e8ef4be9193116c6badb0651794957e8f0fa7b07,hjkgrp_molsimplify
3662,e8f52e259d49173ed01c5bac4af3e7e777322041,hjkgrp_molsimplify
3663,e8fb19c7a468d0a4f46129ec9237fe4750e4699a,hjkgrp_molsimplify
3664,e9243c6a91240f59518934b375835ef05c787747,hjkgrp_molsimplify
3665,e92b869133d47dcf3f62e8c1bc35115424873a2f,hjkgrp_molsimplify
3666,e92d44461424f32f4bb030f40a303f0c3ee57e8b,hjkgrp_molsimplify
3667,e93e3dc1f34a4435b7cc61be161853bcaca3445b,hjkgrp_molsimplify
3668,e9559de3ebb8153db5ceb8d795a286f40d1e895e,hjkgrp_molsimplify
3669,e95b71322273587f9dc180525aeaf454d22a297f,hjkgrp_molsimplify
3670,e96d4245adde0779a6090ea90fb178d2436ef925,hjkgrp_molsimplify
3671,e97ad9142f0e40b5421af7326b22e85eb7983b9f,hjkgrp_molsimplify
3672,e98037c078a840acaad7ac34d3a4cc9b3c17c9fe,hjkgrp_molsimplify
3673,e98a481e968fc0d61b13342bfa2d8e4fa1c0fa39,hjkgrp_molsimplify
3674,e99906b06f3be2fafcf2d0eb629de64f3ad2b14d,hjkgrp_molsimplify
3675,e9ac994cddfe07a2d187b10225485349abde8c30,hjkgrp_molsimplify
3676,e9b1d7bded6791847ae215379294d57e75ac0841,hjkgrp_molsimplify
3677,e9ba7c2f521521c8a6a92a383619a0cdccdfeb32,hjkgrp_molsimplify
3678,e9be86fe2039af6d57a9569904ec28b559712da5,hjkgrp_molsimplify
3679,e9cc4c6b0591d2abaa43fb6be616c1723876d354,hjkgrp_molsimplify
3680,e9db163c09fce1e929d8f842ff913ec60190fc22,hjkgrp_molsimplify
3681,e9f0a084431de9d22d20ed3412a6ca2cb366683c,hjkgrp_molsimplify
3682,e9f50643836a9f67742ea8ab854291e52c8c8322,hjkgrp_molsimplify
3683,ea0b15c69bd7d932bbe8b95fabe62305544d4510,hjkgrp_molsimplify
3684,ea107d4c3eaa60e764d3abda854f0cf903a95332,hjkgrp_molsimplify
3685,ea1c5dfa0709d6420ce0e4e0fd2836e608d8893b,hjkgrp_molsimplify
3686,ea38ddfeaa5a6262d960e9aaeb095e3222824192,hjkgrp_molsimplify
3687,ea482774bf9c09ae58566d91ff01c8ffff3b1d08,hjkgrp_molsimplify
3688,ea5b38556427c3fb82c4539e1a74a032e0f30384,hjkgrp_molsimplify
3689,ea770b2e226ca7f1a141a24b9f290ad4282c12d7,hjkgrp_molsimplify
3690,ea7e490ae739aa0468c65b9715cc60ba02d4bdd4,hjkgrp_molsimplify
3691,ea7fb3c2b31b1f01ee8dd63e01d9c129160fef23,hjkgrp_molsimplify
3692,ea9fb9107a0276895e205d72de3c0301effcf94c,hjkgrp_molsimplify
3693,eaaa90cb9b7f3003271aeeccf83ffeb640b47cde,hjkgrp_molsimplify
3694,eacf3943f67b8fb433a19a27ff6820418856a485,hjkgrp_molsimplify
3695,eae8c32996cd5a4a8aa96028757f5f1be2b99ce4,hjkgrp_molsimplify
3696,eb082037db4875d61874d37b33c39c83afaa387e,hjkgrp_molsimplify
3697,eb08f4fcb0031e2d18675a23a7d0ff87fde9f4f2,hjkgrp_molsimplify
3698,eb11135c6ceacf4d0bbca5e177b4d18e878b22c0,hjkgrp_molsimplify
3699,eb144cb838154bf7c2ac57e992b9b8211444ef9c,hjkgrp_molsimplify
3700,eb1ce646b05dbce0665f379a758224f17ca24e5a,hjkgrp_molsimplify
3701,eb3766746468ee85080e96aa1925ce707055bdcf,hjkgrp_molsimplify
3702,eb3f2f24f0e85048a022baacc4d6b02a0bbb20ea,hjkgrp_molsimplify
3703,eb4cc0425957fc1773d3780f58ec810b341156b6,hjkgrp_molsimplify
3704,eb58331849b2ae96b63f0dc0203408597ec731e6,hjkgrp_molsimplify
3705,eb9afb38043a70eac5bdf333611e1b2536a24ada,hjkgrp_molsimplify
3706,ebc3a538580bc009a527537ede151a1df8646aac,hjkgrp_molsimplify
3707,ebd9cca45ba6f0ec557c7fd709ac69d20b4d0b24,hjkgrp_molsimplify
3708,ebdbddce2ac00ad37ecfad2e3144b45e480fa5c0,hjkgrp_molsimplify
3709,ebee4518be42fc1a35cfaf065d00923d790a6cfc,hjkgrp_molsimplify
3710,ebffacd83c0885123ce64f09beeafe891da4fbef,hjkgrp_molsimplify
3711,ec1cc64ff7fdb91556a62b1399515b4f3761a21f,hjkgrp_molsimplify
3712,ec24f84b7d1f31775eaf47d442c0c213f0857205,hjkgrp_molsimplify
3713,ec4564464a7a92bd15fe95e6c66f18464a97c863,hjkgrp_molsimplify
3714,ec56885a0230cbd67f466d53bc8d4d688cc57d2c,hjkgrp_molsimplify
3715,ec5cf5842a6a26c224f903503091b3bbde0f4eea,hjkgrp_molsimplify
3716,ec617a80a32db186477b8f5ca591ffd3c955b540,hjkgrp_molsimplify
3717,ec69c0e9bc3fa1694f65deab0f74dfcf2d70a029,hjkgrp_molsimplify
3718,ec8e250fec04f93227abfd9f47a42be94e82f258,hjkgrp_molsimplify
3719,ecaa63f1ddf48f428ad981749894e74a497ab248,hjkgrp_molsimplify
3720,ecb7fe068686690a59cc1f789def467f2f886f60,hjkgrp_molsimplify
3721,ecda58ba50868e43ed5bd14e0c806491731e3cb0,hjkgrp_molsimplify
3722,ed0c63ea33f5ceb543aa6db5ab0f68ef568031a3,hjkgrp_molsimplify
3723,ed148aae8fe5285002dea118e8ae30639f17cbfb,hjkgrp_molsimplify
3724,ed1c06bfd39782c0317ec54e965dea02dadc57eb,hjkgrp_molsimplify
3725,ed252a919af0e6dccd03c52b8ce11245139be7fc,hjkgrp_molsimplify
3726,ed48ae39eaea69ad6b469ff0dd5420bc6257a689,hjkgrp_molsimplify
3727,ed54ce41b4bf0e86ddfcbd8efe385058bc60e22a,hjkgrp_molsimplify
3728,ed988462574d4ebfa1a8d688cd6c63a27be57251,hjkgrp_molsimplify
3729,ed9b82d38fa55a565c8b77a00d5c0d85fe54a1d2,hjkgrp_molsimplify
3730,edc12551961ad49248557295e800f7610562bc01,hjkgrp_molsimplify
3731,edc16e2fd5dbabed15cb04294e7dc04bc262c20f,hjkgrp_molsimplify
3732,edd38ffd1cfdb3a1208fb8a418ce51a8635ea9be,hjkgrp_molsimplify
3733,edd658edc1a77a1b0fa2b0f962eb3d2a00b78b55,hjkgrp_molsimplify
3734,eddbbe5bce0b3aa680096e5393c007ff38999bfe,hjkgrp_molsimplify
3735,ede5f39bf6aff0d86490182df98db98c2150b05b,hjkgrp_molsimplify
3736,ede75ed6527957a6e2e1f1b34dae6fe660a99f86,hjkgrp_molsimplify
3737,edf9a6f480306c6a9cda1748950e8f40c1c8b507,hjkgrp_molsimplify
3738,ee008e7d94ff3bf9070a9aa6df3608675936b1cf,hjkgrp_molsimplify
3739,ee0c3504fde4217e662061da588363e51d599dfd,hjkgrp_molsimplify
3740,ee1870c17d0ccb616f60d74cd032ce09df3ba4a6,hjkgrp_molsimplify
3741,ee18834a072535c097ad0bbc158ea489c947b797,hjkgrp_molsimplify
3742,ee2c5d4124a5b576e8cb11eebb049be55c5d5e38,hjkgrp_molsimplify
3743,ee2ea095516bd6e087de85e82879a32e75683972,hjkgrp_molsimplify
3744,ee33bcc7e6cd48ade70798b86c89d3c539a5c092,hjkgrp_molsimplify
3745,ee638d97edff1a027a86276e47f50ec7ba5b7c2c,hjkgrp_molsimplify
3746,ee694e0471bdbd84ae2e7cd3a963563f85819dd6,hjkgrp_molsimplify
3747,ee705e8837f5609c1610699953b3d3dcce7a3eb8,hjkgrp_molsimplify
3748,eeb6ff6991cfd40dda01cebcbd056fab702a3b9e,hjkgrp_molsimplify
3749,eebb39e424ecdd81b9cea594442296bb48bcd4af,hjkgrp_molsimplify
3750,eec4ef32c19e0d40d86b34fce44782aafeecba6f,hjkgrp_molsimplify
3751,eeca50761e98fa3d2a0da4ee1643e05b42b2c5f7,hjkgrp_molsimplify
3752,eee2e6c9e7e980f6a67c1ea780dc7520a37ff730,hjkgrp_molsimplify
3753,eee77e996c563934719b2c19820dfb4c5a8d205c,hjkgrp_molsimplify
3754,eeeef0de2bbaa35d37376877bfbd8c6d01720e47,hjkgrp_molsimplify
3755,ef0b71bd7d6dc324f32cc8551d6f5574e8a809f0,hjkgrp_molsimplify
3756,ef2274ed90d3e9db93879da0a2a4655b0feb8d66,hjkgrp_molsimplify
3757,ef4241a3cce5a379afd088fbcf6f31961d2e184d,hjkgrp_molsimplify
3758,ef4739aca7802f40f81cf298bdd7ba5fe4e590ae,hjkgrp_molsimplify
3759,ef6153ef79ae869281a31f2705c4404e18d2e0bf,hjkgrp_molsimplify
3760,ef77babafa5f51c6425ea1deeb11551808b212ed,hjkgrp_molsimplify
3761,ef7ef477ea940be7a41e6698e2e607e87a133b27,hjkgrp_molsimplify
3762,ef84b0ddec6bdaa3b3a3bd0f6fa4a1853cb8805e,hjkgrp_molsimplify
3763,ef985eaea427c15ea528f20c73c1820f36917aba,hjkgrp_molsimplify
3764,efa535cce0f63412a4c647f9e6d06ddcb6b269ca,hjkgrp_molsimplify
3765,efaa28cc2b78a133158ea73eaac853634925f68d,hjkgrp_molsimplify
3766,efb6b362a318b7ad6b55a723e51931b8923a3745,hjkgrp_molsimplify
3767,efc90ebfbada013a12881a16e0ed6350c9b0b98e,hjkgrp_molsimplify
3768,efcb3edb9e39d36428ce2d2897937cdf84ca7b66,hjkgrp_molsimplify
3769,efd13fa167b74ad2c619d4635f241c9f93daeaf7,hjkgrp_molsimplify
3770,efefd54fa30231be909de6e3553c8432ce751987,hjkgrp_molsimplify
3771,f021c1e5f33126dcd6ffa7cd24302acb64cdadef,hjkgrp_molsimplify
3772,f033d6e81d4df4b763519d0fa98f366491d175ff,hjkgrp_molsimplify
3773,f03cd25a2cfb84994dfe7a515201442e8f95579a,hjkgrp_molsimplify
3774,f0417c14c2fa8588d193c8a0ddd674b0038bf835,hjkgrp_molsimplify
3775,f06a70a89af4fbb799a99e63742c545d07f35320,hjkgrp_molsimplify
3776,f0a16493725de352d0129033f3663684dd9a0aea,hjkgrp_molsimplify
3777,f0a8fb7fcfa178f34f2efb0532c93fd7440459a7,hjkgrp_molsimplify
3778,f0ac77f4cf93c815037f505a9d18ef61e3d39201,hjkgrp_molsimplify
3779,f0bbeec048904630ba255427d5657e0e1f4e0bd1,hjkgrp_molsimplify
3780,f0e6f3d7b3c73a1d0614b46acc4e63f26f36fd98,hjkgrp_molsimplify
3781,f108a60f81f7c54780ba5e58bf3cc9c2ba3c5403,hjkgrp_molsimplify
3782,f10bba3d72ce2f28200c409ba9635501cefda534,hjkgrp_molsimplify
3783,f1116a0154a6c7d3778e26e56a2b153279ca702a,hjkgrp_molsimplify
3784,f11e86beca761caa0892a6db701b24941c2d77dc,hjkgrp_molsimplify
3785,f12e7f341f6e63b3bb134425b983d1798ab2df58,hjkgrp_molsimplify
3786,f14236e9c3a6d7e1b29d0f513b7c8f1b651c85b8,hjkgrp_molsimplify
3787,f16c185051b5874ccfa03a7e85f75307446272fd,hjkgrp_molsimplify
3788,f171d862a0fdfb03978d035346a175aa73e55ee1,hjkgrp_molsimplify
3789,f17fc1974f7b7bd0d78f22d2acd721f3cb25a018,hjkgrp_molsimplify
3790,f18542bb13f12a63ad3a9c6c1f1f1f1b1e7f4fa9,hjkgrp_molsimplify
3791,f198e0146001030b57867cb579da4eec84a5a536,hjkgrp_molsimplify
3792,f1b2472c9da3d38ab473bb5421919518fb62ff49,hjkgrp_molsimplify
3793,f1b7ea73b8b40a0ae4347738219574deedceff06,hjkgrp_molsimplify
3794,f1be1033d22824d1954f43e1c68c832c2dce1e80,hjkgrp_molsimplify
3795,f1c3ead5f93b3c631f3824e294cf443a2a960d58,hjkgrp_molsimplify
3796,f1ca4e59648d9fd54045e874fabbd02bdcac2cb8,hjkgrp_molsimplify
3797,f1d8e8ea1dea37d9d3c762c17769e18495b9d1e8,hjkgrp_molsimplify
3798,f20097323df86542b824623bf0a82962aab368d9,hjkgrp_molsimplify
3799,f202b6738904ad2cd6dc6ac77829775413f9be73,hjkgrp_molsimplify
3800,f207dd13962398ae236f340ee84c20c8b8a05d58,hjkgrp_molsimplify
3801,f21272c160530358312420b0351a58b2cc0d5c43,hjkgrp_molsimplify
3802,f21c477cbcf97199712ef4e8c11fb722d2dea1f6,hjkgrp_molsimplify
3803,f23691350b632052ebcaa450be1dd95d6d2fd15b,hjkgrp_molsimplify
3804,f25c919879d7aa34e81ee690f2f284b36e288338,hjkgrp_molsimplify
3805,f26dc16b804f9d62263f0dafe4779773e6f5526d,hjkgrp_molsimplify
3806,f26f29c7fcd22eb79fd742aa89a86e215f0c13af,hjkgrp_molsimplify
3807,f276757da4dcf1bfb111ffc9833590f2d2f6c4e0,hjkgrp_molsimplify
3808,f27683b5489631b78dcee2f36e59ac0604ab61a6,hjkgrp_molsimplify
3809,f278a6aacc1201c80d37013b2a6af9680c24d213,hjkgrp_molsimplify
3810,f278c4ceaa53007714d68c57e682dd493ec074eb,hjkgrp_molsimplify
3811,f27cd161dc550df2b066c82e49f6195f4c9c8e7c,hjkgrp_molsimplify
3812,f2814d23fa2f4ebbdb543d691506163ba1508c35,hjkgrp_molsimplify
3813,f28bcf2fe279e19676586f3611fd78e027d8fdef,hjkgrp_molsimplify
3814,f2ab4922cafea7ec4a26e653078b5d2cfafae2be,hjkgrp_molsimplify
3815,f2c15cbaa7ca2af9ed5aff9ff66cc166189418b0,hjkgrp_molsimplify
3816,f2cc3badbd712f4796e69cc127dfe3011cd97c0d,hjkgrp_molsimplify
3817,f2cd5ad8fc373c36d0b1816699480e1aeb66626f,hjkgrp_molsimplify
3818,f2dbcc0580dc352899bbfa2160614b628d9a752a,hjkgrp_molsimplify
3819,f2e85551b518956a790bcc5ea1891d8a721ef161,hjkgrp_molsimplify
3820,f2f3adbbf90b221b0829db4cdfc7717f791e0a14,hjkgrp_molsimplify
3821,f2fd3b4918ebd26abfa75fe6f2b8d3d58548a4b8,hjkgrp_molsimplify
3822,f30241952cc24ac56a37377c423f8fbc851ed9f0,hjkgrp_molsimplify
3823,f317b9965668726f8dfb2c8b9b6f73545f94b0e7,hjkgrp_molsimplify
3824,f33f4618db986f39ead7575a81be0ab847421bf2,hjkgrp_molsimplify
3825,f34673323ad8b22e83a997996ff7743233eb411e,hjkgrp_molsimplify
3826,f34793454bb5e6af62a9c3467aa5d026faf48ffe,hjkgrp_molsimplify
3827,f350a0dc181a72056b689fecab61e65419c00288,hjkgrp_molsimplify
3828,f35fb65942a875f9f7a5e003acd9de9aa95a618c,hjkgrp_molsimplify
3829,f36f584890a98a5062f27274cc8dde2da8990b5c,hjkgrp_molsimplify
3830,f37aef2819dfb9996590baa7f1051bcb3ca94de8,hjkgrp_molsimplify
3831,f37c3be22c1f55a62cc8ff8b18add4dd4fab5f8f,hjkgrp_molsimplify
3832,f37d76bcb65973ec287e6b9aeeb6c7031b31aacc,hjkgrp_molsimplify
3833,f37e3d1d6be2aa4b1c0814c248cbd034d9cbfc83,hjkgrp_molsimplify
3834,f395103226656970a6aad9cf0cac202ee487a9f2,hjkgrp_molsimplify
3835,f3a82284cc150d99c4729dfed4afe1e94020341f,hjkgrp_molsimplify
3836,f3b4854354aaf994c8874acb5fd17c94927754fc,hjkgrp_molsimplify
3837,f3b8c1f11c2f12a43343f65bba22e9580244b9ef,hjkgrp_molsimplify
3838,f3b8ef3cea9a9bd91de28cc18bc9549049fb54a2,hjkgrp_molsimplify
3839,f3ba24595424bfa5f539aed69f46b1f14d61efbb,hjkgrp_molsimplify
3840,f3c438a15abd91bc62bb15c267aeb95d78ece30d,hjkgrp_molsimplify
3841,f3c8f223410574af6a863540f6d13255f73c404f,hjkgrp_molsimplify
3842,f3e6ac1fb4ab739ec7dd84fb8c5486bec3c8dde3,hjkgrp_molsimplify
3843,f400cc8ac26df9291e28bd193b90160381f9974e,hjkgrp_molsimplify
3844,f40d34410aa61a16b644802c66ad67cee1339e4b,hjkgrp_molsimplify
3845,f41c00578133309f9988b3c2cb84450efe74ddcc,hjkgrp_molsimplify
3846,f428725c721b09cdd19d1e953d8d3f01e6322aa4,hjkgrp_molsimplify
3847,f434527306c592c10e673485511f6fdd24178ecd,hjkgrp_molsimplify
3848,f44bec2d9db6e482ee3fd92db825976c9cbb12e7,hjkgrp_molsimplify
3849,f4598eee6f2a75dc929ad6118df2ea3d4c8ef62a,hjkgrp_molsimplify
3850,f468a310bdf35c3aff1434174af5e60b8249c37a,hjkgrp_molsimplify
3851,f46b587e2e579e344b19fff9add88a975d2dfdb1,hjkgrp_molsimplify
3852,f47f70f29ae31508e8ca1d4768d3180d9f7253ad,hjkgrp_molsimplify
3853,f47fee98fb46b1ddb601c86991fee2335e606c4f,hjkgrp_molsimplify
3854,f4ba1115bb9ceb874dc8a9645227a7acab941c62,hjkgrp_molsimplify
3855,f4cbec7d3a022bedd10c4df2d13df77c5a8215d6,hjkgrp_molsimplify
3856,f4d14cd5fb25d03eed41d8dc2ee36a2498cd4e74,hjkgrp_molsimplify
3857,f4d2c63fec58f4fd9efcea7ee9202dae25de60f7,hjkgrp_molsimplify
3858,f4d2f86371663c489fbc2ae82c5a4dbecc8762ef,hjkgrp_molsimplify
3859,f4d72f633921670f31fffc451a333fe84dbef218,hjkgrp_molsimplify
3860,f4ec843c5fa1a3963d631c3ae2e5d214d455514c,hjkgrp_molsimplify
3861,f53abfc46d9c0a3b9ca4dd5ab2d3f2b55c3284fe,hjkgrp_molsimplify
3862,f556e7ac689508757c26ae4c5f969b0e4dd7a956,hjkgrp_molsimplify
3863,f557544ccb794915f24a26eded123ebe120d227e,hjkgrp_molsimplify
3864,f56041bc115b07a850b55e34a43b311a8d78bcac,hjkgrp_molsimplify
3865,f583324c1f202391a8c1e73df1f2d41f08e5f0b7,hjkgrp_molsimplify
3866,f584899f776789e926738540b2042f2a1a33b41b,hjkgrp_molsimplify
3867,f586f2bfe8ac612039b70c0ccf8b8b5f008f1524,hjkgrp_molsimplify
3868,f587000f56e33265f483efeb066e41d82e5d3c1a,hjkgrp_molsimplify
3869,f5a96a07e6b30bd4e6de4c7b02fd4f984a2433a7,hjkgrp_molsimplify
3870,f5abb4a4b041e7cf92cda2cdd7dd0216b9f49ae6,hjkgrp_molsimplify
3871,f5c773469291751d99235900182ba10678cccf04,hjkgrp_molsimplify
3872,f5cd931fbd2887e7a2141ec61bcd7edbafed54c9,hjkgrp_molsimplify
3873,f5dc869c4ecccafa2bde637e1f694058d475abc9,hjkgrp_molsimplify
3874,f5e2d260713b3cc70671ce8d42334996162500e1,hjkgrp_molsimplify
3875,f619d234999d6ad4cf9f9a065d6945752f3eaef1,hjkgrp_molsimplify
3876,f642f6f5e41cdcd9caa646a8444471934054f372,hjkgrp_molsimplify
3877,f643425baeef4daae80213492285c6a151fc19e1,hjkgrp_molsimplify
3878,f6435f0b649e7ea9018485840f57a2a03ff733ac,hjkgrp_molsimplify
3879,f65e90282ceff6e934dfbb7741675fe943a31a9f,hjkgrp_molsimplify
3880,f665bcbee69e4923d086eeadffec113623c99111,hjkgrp_molsimplify
3881,f6982065b092b5f49737e9842ee96a81577e2c32,hjkgrp_molsimplify
3882,f6a143af4551fdbbcf798806118345cecd2a7be7,hjkgrp_molsimplify
3883,f6a7a6ad0f58136ef03e9da25a1a13d6b351bd40,hjkgrp_molsimplify
3884,f6ab09fb016dc6e20b9ab1fe1abb52f93c1fd578,hjkgrp_molsimplify
3885,f6d8155479e68d7a8925b23a7ef9778dfa761193,hjkgrp_molsimplify
3886,f6e4e926ca39e273792bd4bd14b5a52e47aacb14,hjkgrp_molsimplify
3887,f6e7cd42e48e689cefec824002b79b547dc8c81d,hjkgrp_molsimplify
3888,f706a2761cdf03416b38350eda1de8417aeb48c7,hjkgrp_molsimplify
3889,f716bd42739d0ff8e11071f1a36c75ad4c13dfc7,hjkgrp_molsimplify
3890,f717d716b10d796939176580c30cf541d896656a,hjkgrp_molsimplify
3891,f71bb53121655dbd5c207a8cf6f3a8fbe31c15fd,hjkgrp_molsimplify
3892,f71cbdf641a5511bdca80c9e01a2e6552deddf5a,hjkgrp_molsimplify
3893,f727966a7843eb022ee0905b7876468d45c1758b,hjkgrp_molsimplify
3894,f72fc4c0ac1217ebe540268afc1d26eaf069315e,hjkgrp_molsimplify
3895,f7393d4917afbef0fee964c92e4b6e99cde4d4bf,hjkgrp_molsimplify
3896,f73a6420d048a64df08ce8f0d296d83214d969f3,hjkgrp_molsimplify
3897,f73f4f9ac62d3698c1b42b33ddd1848d64d06245,hjkgrp_molsimplify
3898,f74d1781dd4ebf974d7b5c6eb857e17ae00475e5,hjkgrp_molsimplify
3899,f7623b420fdc01d9eff6208048a5ea66def40c18,hjkgrp_molsimplify
3900,f785289be2a2d3105b92c8997cfbe26197b0ace9,hjkgrp_molsimplify
3901,f78e4abc00a6989635fa27d24afa33d463d94fa1,hjkgrp_molsimplify
3902,f78ee538be9e0e05fdb6bc1ac98d46b75b578bcf,hjkgrp_molsimplify
3903,f7a7257b4ca7f56818af37e96c61ff3c2355ac96,hjkgrp_molsimplify
3904,f7af692ccefd35d1bb856670b8d35ec7c584ea84,hjkgrp_molsimplify
3905,f7b908f14e663d13234c3951b42aa7ca8ea7cd63,hjkgrp_molsimplify
3906,f7cca6dd32f6625eec1432b5a3333a6b57231b0d,hjkgrp_molsimplify
3907,f7da9f159705089f4d03e7ecf97b2898a63e0a97,hjkgrp_molsimplify
3908,f7fec66178cb50b6365b938a0fd37557a5ebfbab,hjkgrp_molsimplify
3909,f8068288c65415ba622fe7ff7084ffcef0c3a0c8,hjkgrp_molsimplify
3910,f8132f4c33fe758236473382a44874fe553e56b1,hjkgrp_molsimplify
3911,f820ada005356e15a2a91446861c3d13eb0284ae,hjkgrp_molsimplify
3912,f82bdf47c4ae7b1430924e07de1c5fbc5148bd2f,hjkgrp_molsimplify
3913,f834114dc75036d693c4bd45698cdb53563db87f,hjkgrp_molsimplify
3914,f837a4aa6abec285b382111acd234adcb73f6f71,hjkgrp_molsimplify
3915,f840f4173e97a67381dbfa8228f1a38327828a25,hjkgrp_molsimplify
3916,f85161cdb29170c9a4f2b5ef8a1a94907c7bd9d2,hjkgrp_molsimplify
3917,f880b9e0750940d79be4e45a852e027d73db7168,hjkgrp_molsimplify
3918,f8af12cb17377eb60050943e97772d7e70332839,hjkgrp_molsimplify
3919,f8b09d857a951f6998ebc062cb95afdc3c1958fe,hjkgrp_molsimplify
3920,f8d0728bb73a0cfc0e5399f99b5548fb3c8003e6,hjkgrp_molsimplify
3921,f8edae269d1519a88902081aaed9d5b2d8362ed1,hjkgrp_molsimplify
3922,f8fab57988edd838a6beb6b2415b87946a2fa420,hjkgrp_molsimplify
3923,f8fc9593efca36540a5fd33e5603cc1474c3fa9c,hjkgrp_molsimplify
3924,f931d4d9c40511b9510011230c3c73effcf21a11,hjkgrp_molsimplify
3925,f94825ed9b14f2460de321d84694947426f308dc,hjkgrp_molsimplify
3926,f957f389dd376649e9bd1d7011e72a14c2d1d0dd,hjkgrp_molsimplify
3927,f959cf6939e1bb1d202802a459c788ba6beb9efd,hjkgrp_molsimplify
3928,f95a89e467ecfff4894eea906ec73897e9505030,hjkgrp_molsimplify
3929,f974fd8e433110c793ed2125f51a4b37e28faa82,hjkgrp_molsimplify
3930,f977d7f40def98e6c4a9c76737b6696417f0e4f8,hjkgrp_molsimplify
3931,f97f789451c679316617f969cf633148169ed1dc,hjkgrp_molsimplify
3932,f989ae54831dccf524b6f24ac7958933789d21dc,hjkgrp_molsimplify
3933,f99593b17a166103de1c8b120a06d629e51127ab,hjkgrp_molsimplify
3934,f998be67318879d76041785ef17258053397469a,hjkgrp_molsimplify
3935,f99dd732c236b736edaa525849ab2c0a33ccbf81,hjkgrp_molsimplify
3936,f9ae02bf41ba36070cce4bf8fde655cff50ef3e3,hjkgrp_molsimplify
3937,f9c594fa4c428d1d2100f82fe260a9bf1c10932c,hjkgrp_molsimplify
3938,fa0645682f130dd911f19f60d99bf7fc7c67ed47,hjkgrp_molsimplify
3939,fa164ad6009fe148525a1743d98f3a7bb9605d15,hjkgrp_molsimplify
3940,fa169caa3321395148865358478f5613cfe06960,hjkgrp_molsimplify
3941,fa1737e76f98e9cb1cbc9b637c9e9b74faf6649d,hjkgrp_molsimplify
3942,fa1fc22186ff6d185935bfbf38c3f35b4858fd71,hjkgrp_molsimplify
3943,fa2a6818e40aa2e45cb55cbd6e619e8a634e4b06,hjkgrp_molsimplify
3944,fa9638c48dcadf853663e88bf2ed6a2b0d5b224e,hjkgrp_molsimplify
3945,fa9d77bf8b5b692e2a8895e280cd9855c9a9b03d,hjkgrp_molsimplify
3946,fae9dc55627c9dcbc74615627523290c64c14042,hjkgrp_molsimplify
3947,faeaafdb4a9a702868d6c63bd93beac28a51d89a,hjkgrp_molsimplify
3948,faec22bc5e25a4dac266637f48b8112531d34fb3,hjkgrp_molsimplify
3949,faf2572ea12efbffad5b05d3eebee8960e3c4c41,hjkgrp_molsimplify
3950,fafcc73242727330f60dedb33d5baac8bd874f2a,hjkgrp_molsimplify
3951,fb0e626c6ab9b03764f7308f79304ad2ad1a8d0f,hjkgrp_molsimplify
3952,fb1ded58840cb614e48efc43c91ad94928cdd0e2,hjkgrp_molsimplify
3953,fb2edfa003630975e41d203658bad673a013020f,hjkgrp_molsimplify
3954,fb32a08356d16d169f30ebe50b93212862b0ad3d,hjkgrp_molsimplify
3955,fb365512b5138f06801c8e5ccb9a7ab6a140231f,hjkgrp_molsimplify
3956,fb378d436a630d9d3ef0f03d364bdf6e5d91fbf4,hjkgrp_molsimplify
3957,fb49a9f8fdd703a71fb880166053509c1dfad549,hjkgrp_molsimplify
3958,fb50e107d76887dca9f4b134a69db27444f44d2c,hjkgrp_molsimplify
3959,fb54055a72e8e77249ba7a0edeb5502c305fb181,hjkgrp_molsimplify
3960,fb5915e0b7e56f524e8993e97109aaa986cdb33c,hjkgrp_molsimplify
3961,fb6bec2588dd0655490bb1e89121190a585b3345,hjkgrp_molsimplify
3962,fb77fe550963314790b45ee9256a279767fa1dfa,hjkgrp_molsimplify
3963,fb9b9f3566447e35359d67331a1c8b7f865a9541,hjkgrp_molsimplify
3964,fbb32e1675a0fa176df074b2a3cc3c85b8046ac4,hjkgrp_molsimplify
3965,fbbe7cc01ee5a52a40c6b2caff3380f5d8ff104f,hjkgrp_molsimplify
3966,fbbf1ffeca6993ead77d35e776e8d3289a0ec9d1,hjkgrp_molsimplify
3967,fbe3b1029fd423b7d3aae4040f1304f920ffe2a4,hjkgrp_molsimplify
3968,fbed30140c922ff9eadf61bf7dbf5a0a05f2d807,hjkgrp_molsimplify
3969,fbf1353e274a32c45857ad671a25b41f33cd75ff,hjkgrp_molsimplify
3970,fc08021b0ba57e0197d4dcd2819e04af70235c88,hjkgrp_molsimplify
3971,fc19957d1be328e62cfe4b2ff163d988e76b0f61,hjkgrp_molsimplify
3972,fc3c6c446806326e602b8a1ffee1531caa295b02,hjkgrp_molsimplify
3973,fc44c566fef22ba88304467ada4b8007945c9c51,hjkgrp_molsimplify
3974,fc47668ddb1a5eac7648b9935ff63d484650a93e,hjkgrp_molsimplify
3975,fc62b6eb0e111353460cde8781d481338712ee25,hjkgrp_molsimplify
3976,fc9f77984093a731b7fce2c1ff53163e9dc77386,hjkgrp_molsimplify
3977,fcbe835faece69f5e347b1fcbf29b45fa47c8b1f,hjkgrp_molsimplify
3978,fcc3fa566cf74327eb8ccb500d92fbadc131bc22,hjkgrp_molsimplify
3979,fcc5befe1184757569af2b8f5682805210cbc61b,hjkgrp_molsimplify
3980,fcc7f203655f5915965a190078a67dac3c4c7c8f,hjkgrp_molsimplify
3981,fcf79ab6cd3eac7cc8533513ae689d786b0de336,hjkgrp_molsimplify
3982,fd18158b905e20b65342f3e4a6b57f05db0a2706,hjkgrp_molsimplify
3983,fd241b92413f190f76135ebf15867bec50029ff2,hjkgrp_molsimplify
3984,fd30b404bcc49a01f245097402ba214cca868095,hjkgrp_molsimplify
3985,fd5c6a1f4f7a33b1f1dbc67f7ce7b0841630bc4e,hjkgrp_molsimplify
3986,fd6fbb0dd5d5f5104231065a4770f27e923e3217,hjkgrp_molsimplify
3987,fd9775ed17ef0be8cad1204eb1b1091c65d52453,hjkgrp_molsimplify
3988,fdbb08156f173b247d39ee3e685d8a83e8fda6a4,hjkgrp_molsimplify
3989,fdbbe2f0d5e2600edea65792bb9d371161a8c952,hjkgrp_molsimplify
3990,fdca2770537184eb84f1ab711bb0ad528436fa29,hjkgrp_molsimplify
3991,fdcf6dd26d1e4903fc47c3b2d5c31baaa6346da1,hjkgrp_molsimplify
3992,fde826cb5d5d56440b6536bb16d9e4535e0c53c6,hjkgrp_molsimplify
3993,fe0b695cdb49276b8586ad5b6c783d48038ffe85,hjkgrp_molsimplify
3994,fe1c029910a28424a65ed3d2f60c8e740e7ca4a8,hjkgrp_molsimplify
3995,fe1c3a514c690035d8ce809a8b80cc7c31f8c97d,hjkgrp_molsimplify
3996,fe39e5b4157e6e1b00182978063ea68a56485ab6,hjkgrp_molsimplify
3997,fe487c5a4543414447f47d5649255a4bb9dc8546,hjkgrp_molsimplify
3998,fe4e04c4886066295590aab9ad8e2e062c44fc32,hjkgrp_molsimplify
3999,fe565d8d9baaf2ba40fb96bf40a8f3a7a59a31fd,hjkgrp_molsimplify
4000,fe6fbf21226405d78580d7e463a38fc58c577619,hjkgrp_molsimplify
4001,fe7e967e37aabed64bf8c2efaeae36f6d5775c26,hjkgrp_molsimplify
4002,fe9e5e981b374b4c7f3cb2b352e4c7773de8636d,hjkgrp_molsimplify
4003,fea07022d86e3fd52f002e73768b47cd5b2f249a,hjkgrp_molsimplify
4004,fecc53905a5aa2b1edafe3d2a3c69b626c1b845e,hjkgrp_molsimplify
4005,fecf63fc781cd2abff3ba2bb324db22838095c68,hjkgrp_molsimplify
4006,fed045de7fd06c6fe826abcdd7b194540f6ee1b1,hjkgrp_molsimplify
4007,fedd44c3684384e4281ff3c0ef700fd180dbf771,hjkgrp_molsimplify
4008,fee143fa3f3a3c73c906cde91943af1fa1bf019e,hjkgrp_molsimplify
4009,feecb53bb1edfade7e22b5bc05febe79ead812bd,hjkgrp_molsimplify
4010,ff0ccf638e8c1cf2d91f009263ae00be364a0755,hjkgrp_molsimplify
4011,ff1ca170cfd5963f6a61a71197fe93074b38e426,hjkgrp_molsimplify
4012,ff1fee8c93bdd3d93a52bf16c063333a246a8a10,hjkgrp_molsimplify
4013,ff29f0a15b05f4a56c27d0694aad5a429d2643be,hjkgrp_molsimplify
4014,ff30dc02bacbfd569ba1b0604d7c52b3861710c2,hjkgrp_molsimplify
4015,ff36e0413c5b8a5d3d1dd59ed698a84c9b1e4b17,hjkgrp_molsimplify
4016,ff43aee10de8b746171dd83de86e43f22bb95da5,hjkgrp_molsimplify
4017,ff4aaeb4134c7f804e0f4f50c817d28bb55784d0,hjkgrp_molsimplify
4018,ff4dd5e87a2666ac762b4963887e5d27d3d21faf,hjkgrp_molsimplify
4019,ff54a48e4c0fa02cdd852900102052d5ffeae17b,hjkgrp_molsimplify
4020,ff5ad02aaee5726c4ab83c5821660dcaae920fc4,hjkgrp_molsimplify
4021,ff6dc2c83d46dec92bdd37bb08d8f6a52fdd97d3,hjkgrp_molsimplify
4022,ff725dfb09f1f90f9fbf7532401a9c0e0d27666d,hjkgrp_molsimplify
4023,ff7a50faf29ea5ba681656ce723c28977a927afc,hjkgrp_molsimplify
4024,ff7c83982be0f3d34f9d64ecdf8b153436b28068,hjkgrp_molsimplify
4025,ff8a574aaee0bb7b3d16dc88fb37644dc326b5bc,hjkgrp_molsimplify
4026,ff9e69db3ca157a34935cb3d59cd06129bdade1b,hjkgrp_molsimplify
4027,ffa4cafbd0aa7a1fc30ca3b52a9c600e3a7eaa1d,hjkgrp_molsimplify
4028,ffa851f4d6328c819d427674737b0d1642e636e5,hjkgrp_molsimplify
4029,ffb72c669107d758737a1d75e83a1319bdfcde18,hjkgrp_molsimplify
4030,ffbab21641d4e10c058fd263a061873815a8b07d,hjkgrp_molsimplify
4031,ffc1c2a71d7a28ad768a3b1bbf92c61150ef0d91,hjkgrp_molsimplify
4032,ffc6143d30278a999896a51ce6a536fda5b0ee48,hjkgrp_molsimplify
4033,ffd5868b84a3c73ea8bdc0bc06d53e04b2c67afe,hjkgrp_molsimplify
4034,ffd980d70ecace48f72008631823b5dc8167a1c6,hjkgrp_molsimplify
4035,ffe655da46dcb41d8c49606a48b61305d876f3b6,hjkgrp_molsimplify
4036,ffe6bcfb3cd6af20e34827310924d8a55ae4ec86,hjkgrp_molsimplify
4037,ffe73ace9ed14af789073400555cf499c4c1efb7,hjkgrp_molsimplify
4038,ffe8ef3deb17585395947c596fbacf6ef16b84ae,hjkgrp_molsimplify
